"","Sequence.name","Public_name","WBGeneID","DBD","baseMean","log2FoldChange","lfcMLE","lfcSE","stat","pvalue","padj"
"1","B0280.4","odd-1","WBGene00003845","ZF - C2H2 - 3 fingers",31.7703888419254,3.37688817205118,3.40136067781759,0.466370704243633,6.59751597614033,4.18103648779636e-11,1.06990133700106e-10
"2","B0280.8","nhr-10","WBGene00003609","ZF - NHR",320.666798065196,2.13242296190375,2.13423902708975,0.161598644352989,11.3393461265744,8.37680026758416e-30,3.67227951087725e-29
"3","C01B7.1","sup-37"," WBGene00006342","ZF - C2H2 - 6 fingers",331.60358600669,1.63325556603273,1.63453330639233,0.154693036223252,8.61871741988818,6.7708217879758e-18,2.19785678963974e-17
"4","C02B4.2","nhr-17","WBGene00003616","ZF - NHR",210.97983375397,2.5462623203155,2.55947037174779,0.397353120532802,5.65306324335275,1.57613279532693e-08,3.57286421367776e-08
"5","C02F5.12","C02F5.12","WBGene00015352","ZF - C2H2 - 1 finger",105.287384662723,1.72384234662743,1.7286343192098,0.291257084876772,4.88861016798905,1.01550362660331e-06,2.06878278616748e-06
"6","C05G6.1","nhr-76","WBGene00015497","ZF - NHR",544.202094601031,3.30019040107627,3.30775495428559,0.264239616851324,11.3540521925762,7.08035489517732e-30,3.11148240347944e-29
"7","C06C6.4","nhr-63","WBGene00003653","ZF - NHR",32.4771355375983,5.19879520356612,5.30029996881923,0.753445459200474,6.50185775724831,7.93340992502961e-11,2.00631871079374e-10
"8","C06C6.5","nhr-50","WBGene00003640","ZF - NHR",44.3966256285337,2.40850623377137,2.43075819091988,0.52622170460979,4.00687811867223,6.15265921093866e-05,0.000111514537886112
"9","C06G3.1","nhr-105","WBGene00003695","ZF - NHR",271.641419372435,3.91802135164202,3.92350412630907,0.207203738255559,17.4611779792297,2.83033016383844e-68,2.7244283294791e-67
"10","C07A12.3","nhr-35","WBGene00003628","ZF - NHR",321.839343551826,3.15142829134952,3.15525097363533,0.192541872277856,14.8093931860943,1.27385092268531e-49,8.530494043624e-49
"11","C11G6.4","nhr-28","WBGene00003624","ZF - NHR",183.369192718493,2.34597950023555,2.34883833609928,0.192938339021992,10.6043179940631,2.84532287572595e-26,1.14973946722319e-25
"12","C12D12.5","sox-4","WBGene00015716","HMG box",58.0779350661901,1.86079226136359,1.86734894568583,0.326708795811123,4.77731937852668,1.77647498172778e-06,3.56033757774054e-06
"13","C12D5.2","nhr-152","WBGene00015705","ZF - NHR",13.2342296526625,2.22698831325356,2.26383828494948,0.700233176365362,2.75192375667746,0.00592463127344645,0.00893577289291558
"14","C13C4.1","nhr-153","WBGene00007546","ZF - NHR",81.1413088938821,3.09345760352026,3.10134043876085,0.278427833501922,10.0329682143685,1.09184042680162e-23,4.12917313384721e-23
"15","C13C4.2","nhr-154","WBGene00007547","ZF - NHR",85.1727386891534,1.84532311100606,1.8492249602568,0.25433807456265,6.07586226978927,1.23323226475333e-09,2.95053319275254e-09
"16","C17C3.10","hlh-27","WBGene00001966","bHLH",22.7483680922176,2.93180729460694,2.96454430097695,0.581241636721313,4.52790565633344,5.95711658821691e-06,1.15236809783837e-05
"17","C17C3.7","hlh-25","WBGene00001964","bHLH",11.4372654995137,2.23974723035247,2.2749060238543,0.683710784282973,2.83708736931324,0.00455271519282088,0.00695878594542809
"18","C17E7.1","nhr-156","WBGene00015897","ZF - NHR",23.1167719955354,1.30626285392045,1.31412852841928,0.427077403140205,2.356160374025,0.0184649439022307,0.0263384134706443
"19","C18G1.2","elt-7","WBGene00015981","ZF - GATA",291.481536699192,4.48808687168437,4.49297840737304,0.182585717020783,22.9376478074003,1.95729749758319e-116,3.93036211389692e-115
"20","C25A1.11","aha-1","WBGene00000095","bHLH",234.415065769363,1.68733461427466,1.68896944395416,0.172189696350479,8.05701295535619,7.81813670039609e-16,2.37817421448194e-15
"21","C25B8.6","nhr-120","WBGene00003710","ZF - NHR",89.4596218760469,3.4194265617302,3.43042577868928,0.311960465603007,9.99942911259757,1.53278122864134e-23,5.78162040273845e-23
"22","C26E1.3","ceh-79","WBGene00007749","HD",100.959445504462,2.94425181351421,2.95391894592591,0.315443477588559,8.38264856109395,5.1749814729889e-17,1.63540725981363e-16
"23","C27C12.2","egrh-1","WBGene00007772","ZF - C2H2 - 3 fingers",389.577209677503,1.8788296674015,1.88192852037399,0.224602001205344,7.02945503124898,2.07341762262959e-12,5.59176869762704e-12
"24","C28D4.1","nhr-100","WBGene00003690","ZF - NHR",249.035630538909,2.76037076922115,2.76356928184992,0.188174235448946,13.074960891172,4.57799334409936e-39,2.47897482280856e-38
"25","C28D4.9","nhr-138","WBGene00003728","ZF - NHR",265.000976869154,2.27153074228236,2.2736585924949,0.169231781045942,11.6498847326268,2.29769400861677e-31,1.04993868446843e-30
"26","C30G4.4","C30G4.4","WBGene00016269","TSC-22/dip/bun",91.0867009869864,3.43307282764455,3.44174055731729,0.277051047555121,11.3086481906234,1.18907347803734e-29,5.19855589521132e-29
"27","C32D5.1","C32D5.1","WBGene00016310","Unknown",29.6788719722817,3.26247020172823,3.30813754864255,0.649449793217056,4.56150765258329,5.07876248264329e-06,9.87343659729147e-06
"28","C33A11.4","tag-97","WBGene00006462","WH - ETS",70.9263248829738,1.89044538583465,1.89537726006465,0.281392241485116,5.65205841298496,1.58537691348397e-08,3.5932559045542e-08
"29","C33D3.1","elt-2","WBGene00001250","ZF - GATA",273.524043881277,2.75755766790657,2.76089390613163,0.192205357184288,12.7861039042228,1.96059040948946e-37,1.0318972020531e-36
"30","C33G8.10","nhr-162","WBGene00016367","ZF - NHR",23.1597949353758,3.70332700871221,3.73945758613826,0.539629613847578,6.30678324795107,2.84894362622922e-10,7.02901483754643e-10
"31","C33G8.11","nhr-107","WBGene00003697","ZF - NHR",98.2522922570567,3.23389703619366,3.24346021254429,0.299614310829186,9.79224599811025,1.21565015722576e-22,4.47792865558473e-22
"32","C33G8.12","nhr-163","WBGene00016368","ZF - NHR",15.6901267569004,2.95666767281471,2.99055102971812,0.582758169672022,4.5587823750457,5.1451052222555e-06,9.99972191200026e-06
"33","C33G8.6","nhr-42","WBGene00003632","ZF - NHR",100.603798154308,2.8898853543666,2.89982871834614,0.323299338627709,8.01079694551728,1.13967484013685e-15,3.4543855007754e-15
"34","C33G8.7","nhr-161","WBGene00016364","ZF - NHR",40.269616856275,1.33783074918244,1.34490393553159,0.399694292333178,2.59656134473226,0.00941620899221605,0.0139003011649438
"35","C33G8.8","nhr-139","WBGene00016365","ZF - NHR",20.6887892216197,3.31530612433169,3.35493025756599,0.600192633826437,5.02389725296705,5.06333325478745e-07,1.05256178573281e-06
"36","C33G8.9","nhr-140","WBGene00016366","ZF - NHR",24.5747275311267,2.76894339507451,2.78749468588755,0.449832424437195,5.48858477279291,4.05166810029356e-08,8.9790032792833e-08
"37","C34C6.6","prx-5","WBGene00004194","Unknown",423.152883635917,3.52655668223033,3.53013942611638,0.176693014180641,18.2608050306487,1.69769534883867e-74,1.81413742450181e-73
"38","C34D1.5","zip-5","WBGene00007932","bZIP",251.621060699078,4.61021021203451,4.62658060883504,0.328320760143473,13.1280465181397,2.2744840677023e-39,1.23765489841324e-38
"39","C34D10.2","C34D10.2","WBGene00016407","ZF - CCCH - 2 domains",1938.53394398275,4.74457991910428,4.74969370800598,0.181469285564432,24.4921883352332,1.78922368583804e-132,4.42198223074297e-131
"40","C36F7.1","irx-1","WBGene00007984","HD - TALE",82.4346486324486,1.25065181538889,1.25324056652717,0.251765217686676,3.77594579634104,0.000159401655082766,0.000278943249719998
"41","C37E2.5","ceh-37","WBGene00000458","HD - PRD",145.360640419504,2.99757960229652,3.00288542755951,0.23227986313215,11.6134888574555,3.51955947840706e-31,1.60118914219035e-30
"42","C37F5.1","lin-1","WBGene00002990","WH - ETS",339.812482503999,3.61059166314144,3.61463571503222,0.18478799672709,17.9156207209216,8.90700260973292e-72,9.12667921555766e-71
"43","C39B10.6","elt-4","WBGene00001252","ZF - GATA",22.363026768287,4.57000514766614,4.66156585735022,0.756246989816582,5.6463102731844,1.63927884799632e-08,3.71193321602676e-08
"44","C43H6.7","dhhc-9","WBGene00016620","ZF - DHHC ",107.083644742774,1.45724084790785,1.45966258269904,0.225705391160468,5.12721845923961,2.9405423991373e-07,6.20466462444936e-07
"45","C45E1.1","nhr-64","WBGene00003654","ZF - NHR",231.230304035729,3.60318874149787,3.60693237789435,0.17839013795982,18.5166555689411,1.51564749495668e-76,1.69083576250646e-75
"46","C45E5.6","nhr-46","WBGene00003636","ZF - NHR",488.967032383568,1.06851387957916,1.06888900603455,0.103735762682139,7.40837932559469,1.27852174148571e-13,3.59907853162002e-13
"47","C47G2.2","unc-130","WBGene00006853","WH - Fork Head",29.9671698743161,1.60046606662481,1.61707475569792,0.558821480314758,2.32715833667008,0.0199568395747442,0.0283183812515115
"48","C48D5.1","nhr-6","WBGene00003605","ZF - NHR",89.0580396057821,4.3624837227454,4.43415885480188,0.698595151885276,5.81521888862542,6.05545955664158e-09,1.40416734995868e-08
"49","C49C3.5","ceh-88","WBGene00008195","HD - TALE",106.896971308759,2.58413604170128,2.58951895273961,0.251698925638087,9.07487402224987,1.1380908018186e-19,3.88811833948331e-19
"50","C52B9.2","ets-9","WBGene00016865","WH - ETS x2",241.109735995109,4.28368421256132,4.29065066695685,0.222522681271725,17.9023737705946,1.13001106029004e-71,1.15460776746809e-70
"51","C52E12.6","lst-5","WBGene00016890","ZF - C2H2 - 4 fingers",94.4290928741627,2.76384336811253,2.76978425726956,0.255731068432673,9.63450934301008,5.71644372598149e-22,2.07138705238698e-21
"52","C54E10.5","nhr-170","WBGene00008309","ZF - NHR",94.5447076723705,5.18768124143902,5.22385164717434,0.45605065656325,10.7174086279627,8.43330458839526e-27,3.45016179227557e-26
"53","C56E10.1","nhr-173","WBGene00016975","ZF - NHR",193.559244959665,3.80485131601037,3.81021709228233,0.207674674905357,16.8766428434648,6.68393242529759e-64,5.97996875030647e-63
"54","C56E10.4","nhr-137","WBGene00003727","ZF - NHR",156.42846155349,3.09405602492824,3.11046596842131,0.400117692248615,6.98308542475582,2.88766701469819e-12,7.73862645014021e-12
"55","D1005.3","cebp-1","WBGene00016997","bZIP",1217.57602272667,5.62736699230532,5.63215047779248,0.160900423471627,33.1097139296512,2.15397694565155e-240,1.54169300397179e-238
"56","D2021.2","dhhc-14","WBGene00044071","ZF - DHHC ",479.023166854912,2.36751064730088,2.36844898409114,0.110194363629704,18.7623992661596,1.53320018000702e-78,1.75510753781009e-77
"57","E02H1.7","nhr-19","WBGene00003618","ZF - NHR",41.0444697743996,1.83091840878584,1.83802694077,0.344181514935258,4.44799718274765,8.6674666365e-06,1.66155174529988e-05
"58","E02H9.8","nhr-121","WBGene00003711","ZF - NHR",201.787009790361,3.89922991531295,3.90495060378459,0.211690943768626,17.0022857437248,7.89793858401618e-65,7.17714620035864e-64
"59","E03H4.6","nhr-174","WBGene00008474","ZF - NHR",19.9633636566644,7.14522600550222,7.50902946416634,1.17969936385993,5.80251733213192,6.53266388266889e-09,1.51167180562783e-08
"60","F01D4.6","mec-3","WBGene00003167","HD - LIM",35.1600410317688,4.2593889060911,4.29193536301848,0.478432347721894,8.27575502564604,1.27644186366156e-16,3.98247657851075e-16
"61","F07C3.10","nhr-36","WBGene00017198","ZF - NHR",32.3350426649405,2.47736130021028,2.49271361199511,0.431471634121889,5.04636024252565,4.50306005398524e-07,9.38927635715585e-07
"62","F09C6.9","nhr-116","WBGene00003706","ZF - NHR",64.3601682444435,4.34367786797223,4.36587782417826,0.391147151999725,10.3379964478818,4.74350923793053e-25,1.85305745911915e-24
"63","F11A1.3","daf-12","WBGene00000908","ZF - NHR",294.029861482778,2.01477109859375,2.01626374359772,0.150473244727596,11.3958538057581,4.38510024719259e-30,1.93823844004618e-29
"64","F13D11.2","hbl-1","WBGene00001824","ZF - C2H2 - 9 fingers",145.866311909497,2.89200367971604,2.90947784684229,0.428803047479812,6.04474174087597,1.4964951825346e-09,3.56799593487553e-09
"65","F13G11.1","dmd-6","WBGene00007058","ZF - DM",270.897991615008,1.20025637226115,1.20099016784734,0.13680933228717,6.5803725316886,4.69270995582307e-11,1.19829036632444e-10
"66","F13H6.1","bcl-11","WBGene00017430","ZF - C2H2 - 3 fingers",348.187582381264,3.36286901080108,3.36728763129024,0.200526189661861,15.2741595298144,1.13684285197231e-52,8.13686829396818e-52
"67","F14H3.11","nhr-176","WBGene00008830","ZF - NHR",143.73984218627,4.38879562446485,4.40074647439817,0.287278535738289,14.2328615465715,5.7288715125894e-46,3.55485082957157e-45
"68","F16B4.1","nhr-177","WBGene00017503","ZF - NHR",55.0516342931376,3.31825966420167,3.33142523740751,0.346481364138668,8.71117461599957,3.00741971190618e-18,9.83961850978491e-18
"69","F16B4.11","nhr-179","WBGene00017512","ZF - NHR",42.7480778648729,2.58047421585758,2.59326164785606,0.389144369326522,5.86022668092131,4.62235752141249e-09,1.07755635350825e-08
"70","F16B4.12","nhr-117","WBGene00003707","ZF - NHR",228.178305462676,5.18282381738636,5.19611036710464,0.278786148278712,17.5145854538829,1.10890767177266e-68,1.07963549619455e-67
"71","F16B4.9","nhr-178","WBGene00017510","ZF - NHR",21.7487047667349,3.88498223578295,3.93060500452864,0.588737749509369,6.08926850498466,1.13427747210088e-09,2.71692904102625e-09
"72","F16H11.4","ceh-1","WBGene00000428","HD - NK",9.95485200325597,3.66269970303549,3.74232677153166,0.79744476569646,4.21684340745359,2.47745887026567e-05,4.60636578527535e-05
"73","F16H11.5","nhr-45","WBGene00003635","ZF - NHR",806.571754963743,5.02912254666929,5.03226573180761,0.13819831414966,34.219828047598,1.2263217584775e-256,9.79566849948491e-255
"74","F17C11.17","zip-9","WBGene00077761","bZIP",668.89525533559,1.51604113350571,1.51687231979982,0.129499030777317,9.39034930382432,5.98016004488665e-21,2.10572708058868e-20
"75","F20D12.6","ceh-19","WBGene00000442","HD - HOX",24.9393806382197,3.68274092433683,3.73372536617609,0.643701046874528,5.25514280388641,1.47909658464186e-07,3.17375755725023e-07
"76","F21A9.2","F21A9.2","WBGene00017651","ZF - C2H2 - 2 fingers",33.664893713427,3.59153137388618,3.63032073345994,0.571026702519314,5.76423372035714,8.20296755893472e-09,1.89122157498131e-08
"77","F21D12.1","nhr-21","WBGene00003620","ZF - NHR",141.848541863529,3.20977452860181,3.21524312367589,0.228219207737115,12.7499107435057,3.12102389697482e-37,1.63373510146495e-36
"78","F21H11.3","tbx-2","WBGene00006543","T-box",96.527301100865,1.73963642906841,1.74234912004153,0.218476153851552,6.58944421937508,4.4147605555355e-11,1.12891064930902e-10
"79","F22A3.1","ets-4","WBGene00017687","WH - ETS",760.942784494663,3.05690537807882,3.06385511018932,0.263244844422683,10.4727801379166,1.15208814320851e-25,4.57230040475122e-25
"80","F22A3.5","ceh-60","WBGene00017690","HD -TALE",174.902356489006,3.21230037468434,3.21688885459445,0.208527083420882,13.9660533629883,2.51164289679303e-44,1.50490397852605e-43
"81","F22D6.2","F22D6.2","WBGene00009050","ZF - A20",4630.66013682957,1.24754764990667,1.24775309458513,0.0710689985643389,13.3327846043708,1.49222044756334e-40,8.32350433289768e-40
"82","F25D7.3","blmp-1","WBGene00003847","ZF - C2H2 - 4 fingers",459.245217503055,4.20896518883632,4.21186407082039,0.145091594757419,26.9413620780155,7.20152263809681e-160,2.43270126872906e-158
"83","F25E2.5","daf-3","WBGene00000899","MH1",510.434317744358,2.39075519402646,2.39222692583126,0.137346722916803,15.2224614437501,2.50910300777752e-52,1.7870251865245e-51
"84","F26D12.1","fkh-7","WBGene00001439","ZF - C2H2 - 1 finger, WH - Fork Head",678.365437915155,3.38093298498705,3.3841176587981,0.169929454773123,18.1306589202,1.82558471580504e-73,1.92378307734032e-72
"85","F27D4.6","F27D4.6","WBGene00009190","ZF - C2H2 - 1 finger",175.241223268739,3.09225580236287,3.09681975008188,0.212177828606935,13.1599791584991,1.49127000142542e-39,8.1576926525194e-39
"86","F28B12.2","egl-44","WBGene00001208","TEA/ATTS",660.469339071449,3.33781735650503,3.34139331691362,0.18081563264454,16.8006345030852,2.41447295870638e-63,2.13899816403045e-62
"87","F29G9.4","fos-1","WBGene00001345","bZIP",524.869693650178,3.36063644060579,3.36496483701824,0.198252876980083,15.4380430046081,9.0814175210688e-54,6.66831561806057e-53
"88","F31F4.12","nhr-180","WBGene00017961","ZF - NHR",98.1371225512597,4.19767822804004,4.21174687628834,0.317776925393393,12.2654538973052,1.38832136072546e-34,6.83896089722952e-34
"89","F32A11.6","moe-3","WBGene00003388","ZF - CCCH - 2 domains",377.608536828182,4.49753733676264,4.50275087852789,0.188174083503868,22.3066708156777,3.18324770248328e-110,5.93084990753908e-109
"90","F32B6.1","nhr-4","WBGene00003603","ZF - NHR",150.746953224815,1.30777944719509,1.30966776222192,0.209959220182427,4.79988183571775,1.58759273761886e-06,3.19462989568454e-06
"91","F33D4.1","nhr-8","WBGene00003607","ZF - NHR",530.327652206839,4.36625668925948,4.37219510104046,0.20437190180188,19.896358811601,4.37585861262199e-88,5.78830410075834e-87
"92","F35E8.12","nhr-108","WBGene00003698","ZF - NHR",18.5256993824818,2.97664063995742,3.0083696749447,0.566939580551984,4.72120968754976,2.34446084238055e-06,4.65863315821028e-06
"93","F36A4.14","nhr-78","WBGene00003668","ZF - NHR",62.0802966600436,1.3304679305577,1.3334785826276,0.262715697931954,3.92236908060441,8.76825394076271e-05,0.000157050812036109
"94","F36D3.2","nhr-54","WBGene00003644","ZF - NHR",22.7712715719872,3.99268957473336,4.0367074551456,0.572474032550343,6.45040537172074,1.11551367223412e-10,2.80586233005582e-10
"95","F38A6.1","pha-4","WBGene00004013","WH - Fork Head",211.884072614942,2.93018121588462,2.9422165168478,0.35383284982125,7.4334003109472,1.05840965931239e-13,2.98993490706106e-13
"96","F38A6.3","hif-1","WBGene00001851","bHLH",3492.79256939514,2.71692577032645,2.71734113714017,0.0684531021614574,35.3077609927122,4.46398793517434e-273,4.27419454084441e-271
"97","F38B7.1","ccch-1","WBGene00009532","ZF - CCCH - 2 domains",671.821061456295,2.68187513928335,2.68345535402751,0.134255055377723,17.7414186198204,2.00800902583254e-70,2.0133005891461e-69
"98","F40F8.7","pqm-1","WBGene00004096","ZF - C2H2 - 3 fingers",1144.96672575293,5.15904011007317,5.16379639547812,0.167559624575544,28.9988720276851,6.79861449098017e-185,2.96067374429492e-183
"99","F40F9.7","drap-1","WBGene00009584","CBF",1371.8917306625,1.84640160728552,1.8472089225602,0.115748573697149,13.360005725268,1.03556182333998e-40,5.79417679638135e-40
"100","F41B5.10","nhr-183","WBGene00018266","ZF - NHR",76.4427235446492,4.16506467256965,4.18380143611829,0.367982119282759,10.5034034808624,8.3320684209805e-26,3.3259261521407e-25
"101","F41B5.9","nhr-182","WBGene00018265","ZF - NHR",92.4993964755432,2.96281297933526,2.96906122238283,0.254168504532607,10.4765654746717,1.10690832287365e-25,4.39540800112805e-25
"102","F44C8.10","nhr-126","WBGene00003716","ZF - NHR",98.5133203267592,3.93119857506066,3.94380852191485,0.311491826820289,11.6574441523168,2.10259357919167e-31,9.61090672398142e-31
"103","F44C8.11","nhr-96","WBGene00003686","ZF - NHR",135.660293356696,3.89052211530262,3.90021610923287,0.275053622761785,13.053898651654,6.0376854712141e-39,3.2620648932292e-38
"104","F44C8.2","nhr-134","WBGene00003724","ZF - NHR",160.818663520756,3.54184335621596,3.54867089561211,0.241975173002062,13.3974213800369,6.2600590794176e-41,3.52033971879501e-40
"105","F44C8.3","nhr-18","WBGene00003617","ZF - NHR",101.233414333092,3.65140766606164,3.65980089467332,0.264616026529094,12.6651726655458,9.22172385912888e-37,4.78391401346556e-36
"106","F44C8.4","nhr-103","WBGene00003693","ZF - NHR",97.1398276485312,3.6997989821435,3.71222188216134,0.318457649421767,10.6758276597112,1.32075229198043e-26,5.38051187304962e-26
"107","F44C8.5","nhr-128","WBGene00003718","ZF - NHR",45.0557487920571,3.67762700150263,3.69782047279445,0.40710582247022,8.29668065420435,1.0706066530019e-16,3.3482221477615e-16
"108","F44C8.6","nhr-56","WBGene00003646","ZF - NHR",42.7785322132555,2.46086418679733,2.48033994093949,0.488073787225636,4.4273309555925,9.54062894550852e-06,1.82506500786137e-05
"109","F44C8.8","nhr-133","WBGene00003723","ZF - NHR",114.06217015333,3.02985688823633,3.03636859209649,0.255712242885697,10.6755032822444,1.32537350632639e-26,5.39629686129739e-26
"110","F44C8.9","nhr-184","WBGene00018415","ZF - NHR",50.6781945941158,3.36233498316843,3.38097559770771,0.408080684091194,7.50423899623755,6.17864863444388e-14,1.75848232198405e-13
"111","F44E7.8","nhr-142","WBGene00018430","ZF - NHR",67.1477728031887,4.50525053577657,4.5259008628827,0.372540793787757,11.2880269916759,1.50374294843231e-29,6.56038489693249e-29
"112","F45H11.6","maf-1","WBGene00077521","bZIP",125.641083753191,4.804434093278,4.82048618491328,0.318746257477553,14.1317238637546,2.42143364596113e-45,1.48343591751297e-44
"113","F46G10.6","mxl-3","WBGene00003511","bHLH",989.134425448463,3.71176656517311,3.71337983611731,0.115409905987503,29.5621639752704,4.58202362370646e-192,2.20822991838493e-190
"114","F48D6.3","hlh-13","WBGene00001957","bHLH",10.0900430345793,4.08845261178054,4.25860766315356,1.07623001246424,3.52011425801641,0.000431360933324419,0.000727981367340312
"115","F52E4.8","ztf-13","WBGene00018704","ZF - C2H2 - 2 fingers",400.048523053917,3.30315213954932,3.30596494600189,0.161301298309817,18.6182763004242,2.28449865519789e-77,2.58243014517992e-76
"116","F53H10.2","saeg-1","WBGene00010012","ZF - C2H2 - 1 finger, MYB ",723.684240407234,1.68115573980708,1.68366004879154,0.213366313027606,6.47316682848795,9.59698895237731e-11,2.41898999779413e-10
"117","F56A12.1","unc-39","WBGene00006775","HD - SIX",19.398675264513,2.27202565043179,2.32572977235551,0.837262935352102,2.35532419645745,0.0185065517548594,0.0263925552645253
"118","F56F11.3","klf-1","WBGene00018990","ZF - C2H2 - 3 fingers",175.55739046566,2.11368938614548,2.11655960129769,0.204062662541396,8.88790415433083,6.22723619257976e-19,2.07737380877522e-18
"119","F57G8.6","nhr-193","WBGene00010215","ZF - NHR",50.677753961905,3.39923546741174,3.41550665875284,0.38047450129958,8.14571135996167,3.770585938118e-16,1.15817147850669e-15
"120","F58A4.11","gei-13","WBGene00001570","ZF - BED",44.2348749918728,1.35615037239051,1.36557056927179,0.458733346287363,2.30231872380367,0.0213172046747561,0.0301717224853278
"121","F58A4.7","hlh-11","WBGene00001955","bHLH",742.217304445846,2.83289017318008,2.83483818657152,0.145129231411575,17.4526533941119,3.2860673061829e-68,3.15471189327971e-67
"122","F58G6.5","nhr-34","WBGene00003627","ZF - NHR",335.689660076802,2.20354663406958,2.20536974739113,0.159193795894248,11.9574172057188,5.93802212940369e-33,2.82872896035975e-32
"123","F59E11.10","nhr-195","WBGene00019115","ZF - NHR",32.0886439698781,3.35028593942161,3.37675620181786,0.487313985549426,6.25938518054748,3.86498175516482e-10,9.47759603395063e-10
"124","F59E11.11","nhr-143","WBGene00019116","ZF - NHR",154.050082357071,3.97808755573045,3.98504340761678,0.231332147760384,15.8995954143833,6.37752920443305e-57,5.03584474263752e-56
"125","H01A20.1","nhr-3","WBGene00003602","ZF - NHR",170.88800575832,2.69462032133586,2.69806366550364,0.197679978570022,12.1136209071757,8.94561214833467e-34,4.31982833803015e-33
"126","H10E21.3","nhr-80","WBGene00003670","ZF - NHR",598.817342491678,4.35393190214804,4.35899287764036,0.188454945453501,21.5114116129593,1.217427821933e-102,2.01852883595268e-101
"127","H12C20.3","nhr-68","WBGene00003658","ZF - NHR",685.529562444277,2.50777624665618,2.50927241959282,0.135124237373205,16.3388618472527,5.22185711966774e-60,4.36402371307262e-59
"128","H12C20.6","nhr-101","WBGene00003691","ZF - NHR",159.601580291979,2.50274454894913,2.50655625922247,0.216151075259508,10.1907637808628,2.18044335457288e-24,8.4043855026432e-24
"129","K01B6.1","fozi-1","WBGene00010453","ZF - C2H2 - 1 finger",57.0998236662214,1.84223036812021,1.8510938536482,0.381733958627224,4.04006594976857,5.34361733044493e-05,9.71921239949337e-05
"130","K02F3.4","zip-2","WBGene00019327","bZIP",4568.72141916947,4.2352001500623,4.23648070903948,0.096226003735398,40.8953920697289,0,0
"131","K02G10.1","dhhc-10","WBGene00019344","ZF - DHHC ",222.316611714647,2.89590633368534,2.89922961997722,0.187596659187693,13.8377002283826,1.509594601144e-43,8.88669329940552e-43
"132","K02H8.1","mbl-1","WBGene00019347","ZF - CCCH - 2 domains",191.172155412227,1.52519670669428,1.5264141838826,0.156311875058007,7.83815501054931,4.57214390726475e-15,1.35542457681431e-14
"133","K03C7.2","fkh-9","WBGene00001441","WH - Fork Head",681.627123393194,2.87818331448955,2.88077542423406,0.166003534135706,15.5308941337473,2.14369824497124e-54,1.59678460720217e-53
"134","K06B4.11","nhr-53","WBGene00003643","ZF - NHR",33.1799365509056,2.3878875276369,2.40228919639054,0.42843135320307,4.87333037609709,1.09732487655162e-06,2.23075408678056e-06
"135","K08A2.5","nhr-88","WBGene00003678","ZF - NHR",1133.23608135637,4.38314695551746,4.38528147688327,0.122273551190791,33.3935419046287,1.70130157205837e-244,1.24859990501624e-242
"136","K08B12.2","dmd-7","WBGene00019521","ZF - DM",1283.21755332162,3.38829424551435,3.39186597545974,0.17973006315246,17.1829586622614,3.5626824907512e-66,3.31889584093304e-65
"137","K08F8.2","atf-2","WBGene00000220","bZIP - 2 domains",43.7618092438753,3.03638802882746,3.05581224371902,0.439926861330626,6.22009763293571,4.96845620577522e-10,1.21079104298165e-09
"138","K08H2.8","nhr-32","WBGene00003626","ZF - NHR",211.134418727886,2.90999350312163,2.91333718536141,0.187478713098447,13.9215458650556,4.68656832874389e-44,2.79416102667955e-43
"139","K10B3.5","K10B3.5","WBGene00019611","ZF - C2H2 - 2 fingers",236.446348888529,2.34992437434917,2.3524494297988,0.181641724314108,11.2855368560821,1.54694219544744e-29,6.74477993419153e-29
"140","K10C3.6","nhr-49","WBGene00003639","ZF - NHR",1910.11747694164,2.26954793804637,2.2705746513902,0.117778582677286,16.7224625502834,8.99253831784529e-63,7.88920624996403e-62
"141","K10G6.3","sea-2","WBGene00004751","ZF - C2H2 - 1 finger",1389.38523283887,2.15668405759589,2.15901386146169,0.181824464440491,10.2114094674183,1.76285221000576e-24,6.80932868080771e-24
"142","K12H6.1","nhr-119","WBGene00003709","ZF - NHR",200.831730950618,2.22057857629992,2.22329942015622,0.193565942593836,9.92208934362959,3.33696601125515e-23,1.24795278299863e-22
"143","M02H5.1","nhr-99","WBGene00003689","ZF - NHR",84.7342910728991,5.76004475640918,5.79832030378678,0.447213094910902,12.2090449017307,2.7813497400929e-34,1.36037735257994e-33
"144","M02H5.3","nhr-201","WBGene00019741","ZF - NHR",123.029158760057,4.7759628717705,4.79015984887005,0.300725357735038,14.8838890922999,4.19394771811589e-50,2.84142905850607e-49
"145","M02H5.4","nhr-202","WBGene00019742","ZF - NHR",164.081027561174,4.46490325769573,4.47655912811967,0.28305656911792,14.7140314413994,5.23909773339441e-49,3.46826350867291e-48
"146","M02H5.5","nhr-203","WBGene00019743","ZF - NHR",156.092854777628,4.25046529857092,4.25924510548893,0.25071803336621,15.7566061185583,6.18673737014853e-56,4.78586671469275e-55
"147","M02H5.6","nhr-98","WBGene00003688","ZF - NHR",80.1338478105056,3.62892316504839,3.65803296245835,0.490611286656116,6.7852559767581,1.15880863484948e-11,3.03076252580568e-11
"148","M02H5.7","nhr-123","WBGene00003713","ZF - NHR",18.7652787720501,2.2807018155772,2.31237174864107,0.63960555263408,3.09675519141461,0.00195651377885677,0.0031030360042465
"149","R02C2.4","nhr-204","WBGene00019816","ZF - NHR",87.5767481422685,3.34924699217887,3.35740953658697,0.272717982335238,11.1809531812632,5.05441676640533e-29,2.17879420419464e-28
"150","R02D1.1","nhr-125","WBGene00003715","ZF - NHR",43.5507163502185,4.11780085339253,4.14778840240181,0.467486427148804,8.16665603892988,3.17055222895295e-16,9.75938772114154e-16
"151","R03E9.1","mdl-1","WBGene00003163","bHLH",312.502722002917,3.08857880985375,3.09543285238535,0.260244288746181,10.715235378608,8.63373625382055e-27,3.53016286079575e-26
"152","R05D11.1","daf-8","WBGene00000904","MH1",240.365607412112,2.76726051639089,2.77099793937852,0.203498013902667,12.1242486306082,7.85775596455566e-34,3.79830945287682e-33
"153","R06F6.6","ceh-62","WBGene00011069","HD - HOX",54.9890204327694,2.3194322031267,2.33028202162319,0.376988577896814,5.35674638842623,8.47339248947711e-08,1.84417143779708e-07
"154","R07B7.13","nhr-206","WBGene00011097","ZF - NHR",44.6483664953073,5.37258527924578,5.42944358826816,0.559247868558679,9.07037033921845,1.1861317161267e-19,4.04937245614164e-19
"155","R07B7.15","nhr-208","WBGene00011099","ZF - NHR",37.5495264382538,5.6344708157768,5.71216619218519,0.634880991611916,8.40231616043973,4.37757342370876e-17,1.38704704273463e-16
"156","R07B7.16","nhr-209","WBGene00011100","ZF - NHR",54.3570066601972,3.49685115881325,3.51188782997265,0.360274296289732,8.873381175776,7.09579445279265e-19,2.36112764553455e-18
"157","R11E3.5","nhr-104","WBGene00003694","ZF - NHR",143.618638600769,3.50288789138949,3.50849284095453,0.221426615131863,14.464782788113,2.02242425244848e-47,1.29553433061144e-46
"158","R11G11.1","nhr-132","WBGene00003722","ZF - NHR",77.6728916197146,3.50672123571433,3.51791827580507,0.310735104397164,10.3197906845301,5.73480421915261e-25,2.2372854668243e-24
"159","R11G11.12","nhr-210","WBGene00020015","ZF - NHR",67.2808545739136,3.38016819297092,3.39084770512075,0.310535556824935,9.91889052726857,3.4456481967546e-23,1.2879312727166e-22
"160","R11G11.2","nhr-58","WBGene00003648","ZF - NHR",114.009771145296,4.80496870522564,4.81988014971758,0.307298877288312,14.6598931469542,1.16456081216036e-48,7.65328191918843e-48
"161","R12B2.1","sma-4","WBGene00004858","MH1",464.634040449671,3.76511485467621,3.76867596679551,0.170151017978649,20.3649375468975,3.42288939021622e-92,4.82811071256059e-91
"162","R13.4","miz-1","WBGene00011259","ZF - MIZ",973.203712218476,2.07801306265214,2.0787600379989,0.104993583056409,16.93449266987,2.50508818213914e-64,2.25801527040946e-63
"163","R13F6.5","dhhc-5","WBGene00020066","ZF - DHHC ",17.4340394015879,4.51102172338015,4.59379970325064,0.733536662437875,5.74071064067202,9.42800684250587e-09,2.16433983691569e-08
"164","R13F6.9","sma-3","WBGene00004857","MH1",212.480675889716,3.44593782386251,3.45092482137239,0.210923371159617,14.9150746385606,2.62983042810042e-50,1.79180435105919e-49
"165","R53.3","egl-43","WBGene00001207","ZF - C2H2 - 4 fingers",52.5521313982335,3.53408128019625,3.55070316818996,0.377280502477794,8.57208697230942,1.01626290196753e-17,3.27825279710988e-17
"166","R74.3","xbp-1","WBGene00006959","bZIP",8455.43142931343,3.46246494634334,3.46350162508725,0.095778180089024,33.0186368482246,4.38797970356625e-239,3.0947029538615e-237
"167","T01B10.4","nhr-14","WBGene00003613","ZF - NHR",231.201258630789,2.60409330320022,2.60773516256195,0.206938388153959,11.1341995255419,8.55097659981677e-29,3.65985848668298e-28
"168","T01G6.2","nhr-131","WBGene00003721","ZF - NHR",355.084070964485,4.74608060998536,4.7515756983114,0.188084302385504,23.6387649239994,1.54018406660469e-123,3.40489009709031e-122
"169","T01G6.4","nhr-106","WBGene00003696","ZF - NHR",209.464272666005,4.97922129924271,4.9884147855567,0.237375099675167,19.7123510665016,1.68932969515751e-86,2.20038997590877e-85
"170","T01G6.5","nhr-211","WBGene00020152","ZF - NHR",81.3280388091615,4.48364843506481,4.50089388511874,0.34292998555846,12.1997160098198,3.119098841962e-34,1.5229966584629e-33
"171","T01G6.6","nhr-212","WBGene00020153","ZF - NHR",155.32943342687,4.79510627530183,4.80800694078221,0.285487017538982,15.7453964598865,7.3866718095943e-56,5.70494129396978e-55
"172","T01G6.7","nhr-55","WBGene00003645","ZF - NHR",305.047751448688,4.62533580497533,4.64386601364897,0.348619365583867,12.4070439911772,2.39326427323594e-35,1.19978553614581e-34
"173","T01G6.8","nhr-130","WBGene00003720","ZF - NHR",215.120227592173,4.43668368055084,4.44440224054948,0.230718503071791,17.9295705609864,6.93129641734255e-72,7.12243664548249e-71
"174","T03G6.2","nhr-40","WBGene00003630","ZF - NHR",190.473438720628,1.60293586344796,1.60460461603096,0.178758197162426,7.28881743120324,3.12687429425277e-13,8.7056323023891e-13
"175","T04C10.4","atf-5","WBGene00000221","bZIP",1672.21180802714,2.95015965279958,2.95266837759591,0.16129268200931,16.4307494908331,1.15225954034003e-60,9.70825666330778e-60
"176","T05A10.1","sma-9","WBGene00004862","ZF - C2H2 - 7 fingers",1307.43020095688,1.8172275050953,1.81845612259798,0.143886144014638,10.544639412541,5.37787541469966e-26,2.15861528999799e-25
"177","T05B4.2","nhr-57","WBGene00003647","ZF - NHR",41.8427520734366,1.88987853356001,1.8983250093464,0.369560898679147,4.30207454100912,1.69206363805097e-05,3.18208325688617e-05
"178","T05C1.4","camt-1","WBGene00020251","IPT/TIG",745.664022360813,2.77957825753635,2.78087632746007,0.119548633063235,20.7411677908921,1.47305745754863e-95,2.1821172870121e-94
"179","T05G5.6","ech-6","WBGene00001155","Unknown",10367.7042838856,2.09869175395789,2.09902802924104,0.0700890455737961,25.662951167798,3.03118844019224e-145,8.83566985247973e-144
"180","T06C12.13","nhr-213","WBGene00011520","ZF - NHR",16.6266250900001,2.58859717336146,2.61324869967057,0.533740125533665,4.28784920577816,1.8041149613896e-05,3.38927938042761e-05
"181","T06C12.6","nhr-102","WBGene00003692","ZF - NHR",55.8438551550044,2.07009508894376,2.0771845225017,0.323535890925164,5.4710934353592,4.4726740055604e-08,9.89229321896776e-08
"182","T06C12.7","nhr-84","WBGene00003674","ZF - NHR",169.82808908482,3.43021523607522,3.43945851900141,0.286860370158364,10.9119821408135,1.0102912739448e-27,4.21674111971534e-27
"183","T09F3.1","ztf-27","WBGene00011661","ZF - C2H2 - 1 finger",185.372581670387,2.51292436337222,2.51581000801552,0.187169422407867,11.8231083630208,2.96506761008843e-32,1.38555098599413e-31
"184","T12C9.1","nhr-273","WBGene00020460","ZF - NHR",32.8072127381459,3.46151657012117,3.4967293332242,0.550688287128072,5.74102744514322,9.41038365638078e-09,2.16063723843026e-08
"185","T12C9.5","nhr-109","WBGene00003699","ZF - NHR",148.646039346843,3.30114083254353,3.30571260408152,0.205647328707094,14.5936290610324,3.08348956310502e-48,2.00725313387539e-47
"186","T12C9.6","nhr-16","WBGene00003615","ZF - NHR",40.0802359631074,3.38731232660359,3.41191632703951,0.465835377319912,6.62747501996479,3.41477399251296e-11,8.77079452544898e-11
"187","T14F9.4","peb-1","WBGene00003968","ZF - FLYWCH",53.7257106338345,2.97092360162502,2.99690407092623,0.513817179994603,5.19819831959117,2.01229377227082e-07,4.28416188477271e-07
"188","T19A5.4","nhr-44","WBGene00003634","ZF - NHR",25.7654603920535,3.07555057297436,3.09831428995778,0.472617923684619,5.87271543012088,4.28714038750823e-09,1.00086348655892e-08
"189","T20B12.6","mml-1","WBGene00003378","bHLH",429.538468291793,1.42583133677803,1.42682887238481,0.146363553282444,7.69201971070939,1.44830298799398e-14,4.21998480459833e-14
"190","T21B4.17","ceh-99","WBGene00044032","HD - HOX - 2 domains",102.988594906795,1.32425341568185,1.32695529231123,0.249095577564146,4.11188920211996,3.92434632490393e-05,7.20462354250251e-05
"191","T22B7.1","egl-13","WBGene00001182","HMG box",122.851299126675,1.0700377703605,1.07239623500508,0.259569250763061,2.96659857859435,0.00301113814496346,0.00469026452271943
"192","T22C8.5","sptf-2","WBGene00011926","ZF - C2H2 - 3 fingers",21.3020312413914,3.94346415811426,3.99537319734829,0.620196473630151,5.8746934447857,4.23626538548794e-09,9.89305846283067e-09
"193","T22H6.6","gei-3","WBGene00001560","HMG box",1262.20830521951,2.69542893422148,2.69854501832555,0.188020523009619,12.7402524781772,3.53249792334042e-37,1.84445124505799e-36
"194","T22H9.4","dmd-8","WBGene00020708","ZF - DM - 2 domains",34.0549224984238,5.4877470357323,5.56325649396744,0.634884121320395,8.17117149652936,3.0540912307851e-16,9.41092306365964e-16
"195","T23G5.6","saeg-2","WBGene00011964","AT Hook",113.675991793746,2.19116976660637,2.19452719352339,0.216172736721418,8.74841941351522,2.16361795712258e-18,7.10945191456325e-18
"196","T23H4.2","nhr-69","WBGene00003659","ZF - NHR",332.508071229521,3.16510087562044,3.16760357900885,0.155500905811011,18.4249786885651,8.28232973083538e-76,9.07166085215287e-75
"197","T24H10.7","jun-1","WBGene00012005","bZIP",1338.62758027523,4.46410002510888,4.46847317949577,0.172919725317173,24.0811163530997,3.94272891759701e-128,9.20904276100445e-127
"198","T25C12.1","lin-14","WBGene00003003","Unknown",86.1465216293224,1.05026628025075,1.05433313803993,0.343160879907277,2.18633977291781,0.0287907563461391,0.0400439398992284
"199","T26H2.9","nhr-79","WBGene00003669","ZF - NHR",131.263637096624,3.46832932809715,3.47567922160279,0.254243824238137,12.4617749815214,1.20654908522965e-35,6.10366923521704e-35
"200","T27B7.1","nhr-59","WBGene00003649","ZF - NHR",27.767806024904,2.95585967854375,2.97974450516542,0.491101220209194,5.40796798959782,6.37438135377873e-08,1.3984947740961e-07
"201","T27B7.3","nhr-226","WBGene00020850","ZF - NHR",52.5553865121869,3.50445752254686,3.52005639277882,0.367412016686467,8.7217003718237,2.74054740144124e-18,8.97662762347926e-18
"202","T27B7.4","nhr-115","WBGene00003705","ZF - NHR",19.8509238397142,1.86737041252662,1.8815439530326,0.477990220987221,3.27908468355155,0.0010414437898371,0.00169639413175584
"203","T27B7.5","nhr-227","WBGene00020851","ZF - NHR",13.6345845484076,4.04776675333275,4.13832371584462,0.799741843615374,4.68622066389612,2.78296208987369e-06,5.49973563359675e-06
"204","T27B7.6","nhr-228","WBGene00020852","ZF - NHR",115.583649502114,2.13461613909739,2.13808593874931,0.223086839687377,8.2237757353519,1.97194669727463e-16,6.11155527313967e-16
"205","T27F2.4","zip-10","WBGene00012101","bZIP",318.008807482287,6.35363017646959,6.37941260576045,0.349277406872992,17.3318687591805,2.70397766776188e-67,2.55517053075172e-66
"206","T28F12.2","unc-62","WBGene00006796","HD - TALE",808.97281904175,2.14301943559666,2.14414403443646,0.126846908673482,14.529478525494,7.88181556075437e-48,5.08956183016466e-47
"207","VC5.5","nhr-135","WBGene00003725","ZF - NHR",53.5490957539416,1.93959316814475,1.94579795844168,0.311751289689419,5.25929874990474,1.44605792418911e-07,3.10563063991772e-07
"208","VC5.6","nhr-286","WBGene00044699","ZF - NHR",41.7752129888632,1.69178908699684,1.70011844791077,0.385511499910621,3.61024012855524,0.000305913663064152,0.000522616062930582
"209","W02C12.3","hlh-30","WBGene00020930","bHLH",1562.63015073939,2.9878527592219,2.98873772411508,0.095232696384828,28.2240539358509,2.96407087634157e-175,1.1937196860765e-173
"210","W04B5.2","W04B5.2","WBGene00021019","ZF - C2H2 - 1 finger",56.0149597248626,3.5331885325348,3.54992123321987,0.379047797408797,8.52976472792391,1.46645648896897e-17,4.7094686622642e-17
"211","W05H7.4","zfp-3","WBGene00021047","ZF - CCCH",453.30338139186,1.02632506638722,1.02690419823657,0.131437732757549,5.52600118055141,3.27611926365925e-08,7.2983254721087e-08
"212","W07G1.3","zip-3","WBGene00012330","bZIP",1741.64972781871,3.44530229031475,3.44966078162373,0.196606058673313,15.9979926943202,1.31961600170382e-57,1.05525487569877e-56
"213","W10D5.1","mef-2","WBGene00003182","MADS box",139.294521833933,3.0021453125259,3.00750791958749,0.233806391398051,11.5571918131423,6.78928575359411e-31,3.06748416954574e-30
"214","Y104H12A.1","nhr-41","WBGene00022423","ZF - NHR",303.688129657645,4.1437598367099,4.14908602682697,0.197853529778802,19.427299785893,4.53604935963737e-84,5.69289944805878e-83
"215","Y105C5A.15","Y105C5A.15","WBGene00013639","ZF - BED",578.791513384806,4.18851441174336,4.19737793501814,0.253584614022419,15.3341890506006,4.51880782945248e-53,3.26828032007123e-52
"216","Y106G6H.4","madf-10","WBGene00013717","MADF",20.966897868079,2.59657867694317,2.62228792155142,0.543979541263951,4.22181075340996,2.42347547166113e-05,4.51005385111039e-05
"217","Y17D7A.1","nhr-230","WBGene00012446","ZF - NHR",75.0424097137497,3.14939215578337,3.1591467498539,0.306945035576765,9.28306968845162,1.64664747777456e-20,5.73806440917439e-20
"218","Y17D7A.3","nhr-65","WBGene00003655","ZF - NHR",340.992813055333,4.20011350285937,4.20544999106961,0.197391191665884,19.7582955447218,6.80645585004342e-87,8.93803257765011e-86
"219","Y17D7B.1","nhr-231","WBGene00012449","ZF - NHR",64.6015558688067,5.2649307598078,5.30518391342513,0.479892806183588,10.3459162042709,4.36718805567504e-25,1.70696958391321e-24
"220","Y22F5A.1","nhr-232","WBGene00012494","ZF - NHR",215.911069706616,4.66785588742311,4.6763717031253,0.235743623494123,18.5279916490806,1.22784878957464e-76,1.37188854711516e-75
"221","Y37E11B.1","Y37E11B.1","WBGene00021374","ZF - C2H2 - 3 fingers",16.07115831328,1.52079244482335,1.53663979574264,0.561155026863982,2.17549943666326,0.0295927102846727,0.0411118867392906
"222","Y37F4.6","Y37F4.6","WBGene00021387","ZF - C2H2 - 1 finger",116.670212315336,1.56812094446454,1.57273511616282,0.29972075162568,4.23100815537888,2.32646235839094e-05,4.3339766496091e-05
"223","Y39B6A.17","nhr-95","WBGene00003685","ZF - NHR",80.5512266114368,1.26827026391675,1.27046978793749,0.230039558401388,4.20914676869291,2.56336845100971e-05,4.76181177755344e-05
"224","Y39B6A.47","nhr-145","WBGene00012703","ZF - NHR",24.1546394610307,1.21205050846176,1.21885703038008,0.412635947931514,2.21030308443493,0.0270841347073122,0.0377792975975225
"225","Y41C4A.4","crh-1","WBGene00000793","bZIP",799.917388343839,1.6664725278909,1.66707957131949,0.105615352180495,12.9381997946247,2.73974247785408e-38,1.45682959708769e-37
"226","Y41D4B.27","nhr-146","WBGene00045255","ZF - NHR",117.623110113225,3.46457468377523,3.47335549004753,0.277244576420554,11.4143790462284,3.54426121208442e-30,1.57042380031617e-29
"227","Y41D4B.8","nhr-92","WBGene00003682","ZF - NHR",98.6508824052738,3.96531326055697,3.97674928305808,0.29557025303745,12.4008191720584,2.58665617793083e-35,1.29404411835723e-34
"228","Y41D4B.9","nhr-122","WBGene00003712","ZF - NHR",113.851509218862,2.07011931388935,2.07355792797544,0.225486642788697,7.85021805281888,4.15314543449203e-15,1.23247489104856e-14
"229","Y44A6D.3","Y44A6D.3","WBGene00012854","Brinker",230.597001632644,3.38384478784094,3.38729343643873,0.176567089991286,17.4655695350313,2.62072799687489e-68,2.52603235858781e-67
"230","Y46H3D.5","nhr-110","WBGene00003700","ZF - NHR",178.831951417799,4.44858022089648,4.45832698520985,0.259227925498774,16.0036007421435,1.20594049181044e-57,9.64885867769524e-57
"231","Y46H3D.7","nhr-238","WBGene00021611","ZF - NHR",19.7469211259172,1.3556669558961,1.36663296240724,0.494524918505025,2.13470932685746,0.0327847606756068,0.0452983629441823
"232","Y47D3B.7","sbp-1","WBGene00004735","bHLH",849.884577881698,2.99800118226399,2.99956621104941,0.126407715770754,21.3436431930859,4.4674308301546e-101,7.1926631338948e-100
"233","Y47D3B.9","bed-2","WBGene00012943","ZF - BED x2",362.367101929562,1.26173553277169,1.26250491921061,0.136630299330402,7.03896234938347,1.93676689670545e-12,5.2300664535987e-12
"234","Y47G6A.7","Y47G6A.7","WBGene00021637","ZF - C2H2 - 1 finger",604.258945829196,3.09750978905133,3.09898894825778,0.120916584180147,23.1358651753136,2.0175367188763e-118,4.14340140362409e-117
"235","Y47H9C.2","dhhc-2","WBGene00012948","ZF - DHHC ",59.9587004261895,1.9328789557092,1.93865016508152,0.301367112602477,5.41823871094746,6.01890202445345e-08,1.32231097811196e-07
"236","Y48C3A.4","ztf-22","WBGene00012988","ZF - C2H2 - 1 finger",632.042637221161,2.83772932945493,2.83968788302722,0.145535550318112,17.4371782283294,4.3082673550979e-68,4.1196381891538e-67
"237","Y51A2D.17","nhr-70","WBGene00003660","ZF - NHR",310.244800562783,2.54168310972771,2.54353095076072,0.149236947771764,15.020965941732,5.3522045661731e-51,3.70604279778404e-50
"238","Y51H4A.17","sta-1","WBGene00013111","STAT",225.508767359111,3.77785869531155,3.7826897372139,0.197992402073043,17.5656169575058,4.51755987954092e-69,4.42213139731906e-68
"239","Y5H2A.2","nhr-275","WBGene00021163","ZF - NHR",19.1421250511659,4.28825143211054,4.35953101921617,0.700385758511939,5.69436397533854,1.23832664263382e-08,2.82526851810002e-08
"240","Y67A6A.2","nhr-62","WBGene00003652","ZF - NHR",58.0869857224608,2.27816922074128,2.28603069438169,0.323911430720601,6.10713001495647,1.01438605331345e-09,2.43661630815847e-09
"241","Y70C5C.6","nhr-112","WBGene00003702","ZF - NHR",25.6671954733315,2.64485874274322,2.70639123304097,0.822456001505708,2.85104460110982,0.00435758566539986,0.00667111113409055
"242","Y73F8A.21","nhr-5","WBGene00003604","ZF - NHR",156.209581618643,2.87343532343149,2.88780760319698,0.389214414934582,6.61187053892652,3.79493822030039e-11,9.72305808773755e-11
"243","Y75B8A.1","php-3","WBGene00004024","HD - HOX",104.742700084005,2.70473530496695,2.71110193070353,0.268252609282805,8.96444329617594,3.11852161992549e-19,1.0514828726885e-18
"244","Y75B8A.2","nob-1","WBGene00003779","HD - HOX",50.8004381680337,1.66133373405921,1.66722922628089,0.328729757266594,4.14119410843355,3.45502414168379e-05,6.37071024620127e-05
"245","Y75B8A.29","zip-12","WBGene00013560","bZIP",616.683051933594,3.38453236264358,3.38776529366604,0.170823121003181,18.0568786270222,6.96513523101878e-73,7.29195692759374e-72
"246","Y75B8A.35","zip-1","WBGene00006986","bZIP",192.722616060319,2.25932722499749,2.26418863559302,0.255873987366791,7.65739122276947,1.89747942126637e-14,5.5098930453242e-14
"247","Y80D3A.4","nhr-243","WBGene00013584","ZF - NHR",67.8760413926226,1.63434129894326,1.63813627080147,0.266264766863082,5.01133257194858,5.40544020333499e-07,1.12222651435694e-06
"248","ZC204.12","ZC204.12","WBGene00022562","Unknown",910.991638979008,6.75532226397714,6.76729407593898,0.23131439525577,27.9071358997754,2.18579617570531e-171,8.29455147200717e-170
"249","ZC376.7","atfs-1","WBGene00013878","bZIP",1754.30911350468,2.10773733226253,2.10880028209558,0.124322805924738,14.5406735217744,6.69308614744483e-48,4.32582206167891e-47
"250","ZC410.1","nhr-11","WBGene00003610","ZF - NHR",377.887754229206,5.73857383997829,5.75301952660601,0.276277084666465,19.6852151040467,2.8870863018979e-86,3.7402772179964e-85
"251","ZC416.1","madf-9","WBGene00022608","MADF",29.6549248135467,1.92640682851186,1.94133832195071,0.485023906497806,3.35325085366532,0.000798682835965673,0.00131503888422636
"252","ZK1037.5","nhr-247","WBGene00014193","ZF - NHR",3.96321121724329,5.53489679927799,6.14203394813237,1.66656771891621,3.14112456389249,0.00168300434805766,0.00268752781800504
"253","ZK1193.5","dve-1","WBGene00022861","HD - 2 domains",285.693774084157,2.86636471367087,2.86957854848566,0.185427406223215,13.8402664737785,1.4566559497006e-43,8.59254660170185e-43
"254","ZK1320.3","ZK1320.3","WBGene00014253","Unknown",6469.97575180951,5.24982368437812,5.25095676423519,0.0813534254014362,60.8434575428552,0,0
"255","ZK177.3","ZK177.3","WBGene00022671","ZF - C2H2 - 1 finger",12.6228781239354,5.72131843081422,5.9621677570818,1.06134893163217,5.10795108869352,3.25670920928249e-07,6.85578068546974e-07
"256","ZK370.2","sma-2","WBGene00004856","MH1",58.7297373901552,2.11584321825602,2.12363617739333,0.335503451459793,5.41229370474487,6.22225202312369e-08,1.36636269365617e-07
"257","ZK455.6","nhr-33","WBGene00013976","ZF - NHR",145.31378970575,4.23600467837153,4.24473755232565,0.250985699588195,15.6821870123657,2.00239283100234e-55,1.5277359129621e-54
"258","ZK488.2","nhr-90","WBGene00003680","ZF - NHR",132.070217136173,3.44385108207714,3.45028401013777,0.238940583945487,13.1574596084288,1.54183225112606e-39,8.42153784918041e-39
"259","ZK6.4","nhr-253","WBGene00022639","ZF - NHR",16.6391165480282,3.76463158243768,3.81454080524535,0.627266287362944,5.52338241706428,3.32534863117513e-08,7.40343247759933e-08
"260","ZK6.5","nhr-254","WBGene00022640","ZF - NHR",12.204873805009,7.31339805237217,7.75194769465968,1.28043486624772,5.47735635544252,4.31727218183526e-08,9.55443459436311e-08
"261","ZK697.2","nhr-256","WBGene00022805","ZF - NHR",100.636127033037,1.14895620592939,1.15082947647903,0.223301895790411,3.80183160973346,0.000143630335966568,0.000252199100972145
