WBGeneID,Public_name
WBGene00000005,aat-4
WBGene00000007,aat-6
WBGene00000040,aco-1
WBGene00000067,act-5
WBGene00000073,add-2
WBGene00000084,aex-1
WBGene00000088,aex-5
WBGene00000097,aip-1
WBGene00000098,air-1
WBGene00000107,alh-1
WBGene00000109,alh-3
WBGene00000111,alh-5
WBGene00000116,alh-10
WBGene00000117,alh-11
WBGene00000118,alh-12
WBGene00000121,aly-2
WBGene00000122,aly-3
WBGene00000136,amt-4
WBGene00000139,amx-3
WBGene00000150,apm-1
WBGene00000151,apn-1
WBGene00000159,aps-1
WBGene00000169,aqp-1
WBGene00000172,aqp-4
WBGene00000177,aqp-9
WBGene00000178,aqp-10
WBGene00000179,aqp-11
WBGene00000181,ard-1
WBGene00000182,arf-1.2
WBGene00000189,arl-5
WBGene00000190,arf-1.1
WBGene00000202,exos-4.2
WBGene00000203,arx-5
WBGene00000209,asg-1
WBGene00000211,asm-1
WBGene00000212,asm-2
WBGene00000214,asp-1
WBGene00000215,asp-2
WBGene00000216,asp-3
WBGene00000218,asp-5
WBGene00000219,asp-6
WBGene00000221,atf-4
WBGene00000222,atf-6
WBGene00000235,baf-1
WBGene00000236,bag-1
WBGene00000239,bas-1
WBGene00000263,F23H11.5
WBGene00000266,bre-1
WBGene00000281,cah-3
WBGene00000282,cah-4
WBGene00000286,cal-2
WBGene00000293,cap-2
WBGene00000298,cat-4
WBGene00000302,cav-2
WBGene00000371,cox-5B
WBGene00000373,cyp-14A5
WBGene00000377,cct-1
WBGene00000378,cct-2
WBGene00000381,cct-6
WBGene00000390,cdc-42
WBGene00000391,cdd-1
WBGene00000392,cdd-2
WBGene00000397,cdh-5
WBGene00000412,cdr-1
WBGene00000419,ced-5
WBGene00000458,ceh-37
WBGene00000461,ceh-40
WBGene00000515,ckc-1
WBGene00000516,cki-1
WBGene00000522,clc-1
WBGene00000534,cpi-2
WBGene00000535,cpi-1
WBGene00000536,clk-1
WBGene00000539,cln-3.1
WBGene00000541,cln-3.3
WBGene00000550,clu-1
WBGene00000557,cnc-3
WBGene00000558,cnc-4
WBGene00000637,col-61
WBGene00000762,coq-2
WBGene00000776,cpl-1
WBGene00000777,cpn-1
WBGene00000780,cpn-4
WBGene00000781,cpr-1
WBGene00000782,cpr-2
WBGene00000783,cpr-3
WBGene00000784,cpr-4
WBGene00000785,cpr-5
WBGene00000786,cpr-6
WBGene00000787,cps-6
WBGene00000788,cpz-1
WBGene00000789,cpz-2
WBGene00000795,crn-2
WBGene00000798,crn-5
WBGene00000799,crn-6
WBGene00000814,csn-2
WBGene00000831,ctl-2
WBGene00000835,cuc-1
WBGene00000843,cup-2
WBGene00000858,cwn-2
WBGene00000868,cyb-3
WBGene00000872,cyk-1
WBGene00000879,cyn-3
WBGene00000881,cyn-5
WBGene00000882,cyn-6
WBGene00000883,cyn-7
WBGene00000887,cyn-11
WBGene00000888,cyn-12
WBGene00000896,dad-1
WBGene00000923,daf-31
WBGene00000928,dao-2
WBGene00000931,dao-5
WBGene00000963,dhp-1
WBGene00000964,dhp-2
WBGene00000966,dhs-2
WBGene00000967,dhs-3
WBGene00000968,dhs-4
WBGene00000971,dhs-7
WBGene00000977,dhs-14
WBGene00000981,dhs-18
WBGene00000983,dhs-20
WBGene00000984,dhs-21
WBGene00000988,dhs-25
WBGene00000991,dhs-28
WBGene00000993,dhs-30
WBGene00000996,dif-1
WBGene00001001,dis-3
WBGene00001025,dnj-7
WBGene00001028,dnj-10
WBGene00001032,dnj-14
WBGene00001034,dnj-16
WBGene00001035,dnj-17
WBGene00001039,dnj-21
WBGene00001040,dnj-22
WBGene00001041,dnj-23
WBGene00001050,dom-3
WBGene00001051,cks-1
WBGene00001073,dpy-11
WBGene00001088,dpy-30
WBGene00001090,drh-1
WBGene00001092,dro-1
WBGene00001099,dsc-4
WBGene00001104,dsl-2
WBGene00001149,bcat-1
WBGene00001150,ech-1.1
WBGene00001152,ech-3
WBGene00001153,ech-4
WBGene00001155,ech-6
WBGene00001156,ech-7
WBGene00001157,ech-8
WBGene00001158,ech-9
WBGene00001208,egl-44
WBGene00001233,eif-3.K
WBGene00001235,elb-1
WBGene00001239,elo-1
WBGene00001240,elo-2
WBGene00001243,elo-5
WBGene00001244,elo-6
WBGene00001250,elt-2
WBGene00001251,elt-3
WBGene00001252,elt-4
WBGene00001303,sec-61.G
WBGene00001309,emr-1
WBGene00001310,end-1
WBGene00001330,eps-8
WBGene00001331,erd-2.1
WBGene00001333,erm-1
WBGene00001337,ears-1
WBGene00001358,evl-20
WBGene00001368,exc-7
WBGene00001371,exl-1
WBGene00001386,far-2
WBGene00001387,far-3
WBGene00001391,far-7
WBGene00001394,fat-2
WBGene00001395,fat-3
WBGene00001396,fat-4
WBGene00001398,fat-6
WBGene00001399,fat-7
WBGene00001423,fib-1
WBGene00001425,fis-2
WBGene00001426,fkb-1
WBGene00001465,flr-1
WBGene00001468,flr-4
WBGene00001476,fmo-1
WBGene00001486,frh-1
WBGene00001489,frm-2
WBGene00001491,frm-4
WBGene00001496,frm-10
WBGene00001500,ftn-1
WBGene00001501,ftn-2
WBGene00001505,fut-1
WBGene00001506,fut-2
WBGene00001522,gbh-1
WBGene00001559,gei-1
WBGene00001564,icl-1
WBGene00001578,ges-1
WBGene00001581,gfi-1
WBGene00001583,gfi-3
WBGene00001585,gfl-1
WBGene00001591,glc-1
WBGene00001604,gln-3
WBGene00001608,R07B1.8
WBGene00001614,glr-3
WBGene00001621,glt-3
WBGene00001629,gly-4
WBGene00001633,gly-8
WBGene00001644,gly-19
WBGene00001646,gna-1
WBGene00001649,gob-1
WBGene00001661,gop-2
WBGene00001682,gpc-2
WBGene00001684,gpd-2
WBGene00001687,gpn-1
WBGene00001690,grd-1
WBGene00001697,grd-8
WBGene00001711,grl-2
WBGene00001716,grl-7
WBGene00001718,grl-9
WBGene00001719,grl-10
WBGene00001749,gst-1
WBGene00001752,gst-4
WBGene00001753,gst-5
WBGene00001754,gst-6
WBGene00001755,gst-7
WBGene00001758,gst-10
WBGene00001761,gst-13
WBGene00001768,gst-20
WBGene00001770,gst-22
WBGene00001772,gst-24
WBGene00001774,gst-26
WBGene00001775,gst-27
WBGene00001776,gst-28
WBGene00001784,gst-36
WBGene00001786,gst-38
WBGene00001787,gst-39
WBGene00001790,gst-42
WBGene00001794,gta-1
WBGene00001795,gtl-1
WBGene00001804,gur-3
WBGene00001808,gut-2
WBGene00001814,haf-4
WBGene00001819,haf-9
WBGene00001823,hap-1
WBGene00001834,hda-1
WBGene00001835,hda-2
WBGene00001836,hda-3
WBGene00001851,hif-1
WBGene00001854,hil-3
WBGene00001855,hil-4
WBGene00001898,his-24
WBGene00001959,hlh-15
WBGene00001972,hmg-1.2
WBGene00001976,hmg-11
WBGene00001984,hog-1
WBGene00001993,hpd-1
WBGene00002002,hsb-1
WBGene00002007,hsp-3
WBGene00002008,hsp-4
WBGene00002011,hsp-12.2
WBGene00002015,hsp-16.1
WBGene00002017,hsp-16.11
WBGene00002020,hsp-16.49
WBGene00002021,hsp-17
WBGene00002023,hsp-25
WBGene00002043,hyl-1
WBGene00002045,icd-1
WBGene00002046,icln-1
WBGene00002054,ifb-2
WBGene00002055,ifc-1
WBGene00002056,ifc-2
WBGene00002057,ifd-1
WBGene00002058,ifd-2
WBGene00002060,ife-2
WBGene00002064,iff-1
WBGene00002067,ifp-1
WBGene00002090,ins-7
WBGene00002094,ins-11
WBGene00002095,ins-12
WBGene00002116,ins-33
WBGene00002118,ins-35
WBGene00002124,inx-2
WBGene00002137,inx-15
WBGene00002138,inx-16
WBGene00002139,inx-17
WBGene00002174,itx-1
WBGene00002183,kat-1
WBGene00002187,kgb-1
WBGene00002188,kgb-2
WBGene00002222,klp-11
WBGene00002234,kqt-2
WBGene00002241,kup-1
WBGene00002247,lam-1
WBGene00002248,lam-3
WBGene00002250,lap-2
WBGene00002253,lbp-1
WBGene00002254,lbp-2
WBGene00002255,lbp-3
WBGene00002257,lbp-5
WBGene00002258,lbp-6
WBGene00002259,lbp-7
WBGene00002260,lbp-8
WBGene00002269,lec-6
WBGene00002271,lec-8
WBGene00002272,lec-9
WBGene00002273,lec-10
WBGene00002274,lec-11
WBGene00002282,let-4
WBGene00002344,let-70
WBGene00002632,let-413
WBGene00002850,let-716
WBGene00002855,let-721
WBGene00002957,let-858
WBGene00002980,lgg-1
WBGene00002981,lgg-2
WBGene00002982,lgg-3
WBGene00002998,lin-9
WBGene00003008,lin-22
WBGene00003010,lin-24
WBGene00003038,lin-56
WBGene00003053,lmp-1
WBGene00003055,lon-1
WBGene00003056,lon-2
WBGene00003059,lpd-2
WBGene00003064,lpd-8
WBGene00003076,lsm-1
WBGene00003078,lsm-4
WBGene00003079,lsm-5
WBGene00003081,lsm-7
WBGene00003090,lys-1
WBGene00003091,lys-2
WBGene00003093,lys-4
WBGene00003094,lys-5
WBGene00003095,lys-6
WBGene00003096,lys-7
WBGene00003097,lys-8
WBGene00003134,mat-3
WBGene00003148,mbf-1
WBGene00003214,mel-32
WBGene00003225,mev-1
WBGene00003234,mif-1
WBGene00003235,mif-2
WBGene00003236,mif-3
WBGene00003402,mpk-2
WBGene00003409,mrp-3
WBGene00003410,mrp-4
WBGene00003415,mars-1
WBGene00003472,mtk-1
WBGene00003473,mtl-1
WBGene00003474,mtl-2
WBGene00003480,klf-3
WBGene00003509,mxl-1
WBGene00003511,mxl-3
WBGene00003526,nas-7
WBGene00003564,ncs-2
WBGene00003571,ncx-6
WBGene00003572,ncx-7
WBGene00003577,ndg-4
WBGene00003580,ndx-3
WBGene00003594,nft-1
WBGene00003596,ngp-1
WBGene00003601,nhr-2
WBGene00003607,nhr-8
WBGene00003615,nhr-16
WBGene00003619,nhr-20
WBGene00003625,nhr-31
WBGene00003635,nhr-45
WBGene00003643,nhr-53
WBGene00003647,nhr-57
WBGene00003651,nhr-61
WBGene00003653,nhr-63
WBGene00003654,nhr-64
WBGene00003658,nhr-68
WBGene00003659,nhr-69
WBGene00003669,nhr-79
WBGene00003670,nhr-80
WBGene00003679,nhr-89
WBGene00003682,nhr-92
WBGene00003686,nhr-96
WBGene00003689,nhr-99
WBGene00003690,nhr-100
WBGene00003692,nhr-102
WBGene00003696,nhr-106
WBGene00003698,nhr-108
WBGene00003699,nhr-109
WBGene00003700,nhr-110
WBGene00003707,nhr-117
WBGene00003710,nhr-120
WBGene00003711,nhr-121
WBGene00003720,nhr-130
WBGene00003721,nhr-131
WBGene00003723,nhr-133
WBGene00003727,nhr-137
WBGene00003730,nhx-2
WBGene00003741,nlp-3
WBGene00003759,nlp-21
WBGene00003762,nlp-24
WBGene00003764,nlp-26
WBGene00003765,nlp-27
WBGene00003766,nlp-28
WBGene00003767,nlp-29
WBGene00003768,nlp-30
WBGene00003769,nlp-31
WBGene00003771,nlp-33
WBGene00003773,nlt-1
WBGene00003786,npa-1
WBGene00003813,nrf-6
WBGene00003815,nars-1
WBGene00003821,nst-1
WBGene00003828,nuc-1
WBGene00003829,nud-1
WBGene00003844,odc-1
WBGene00003845,odd-1
WBGene00003846,odd-2
WBGene00003849,odr-2
WBGene00003861,oig-3
WBGene00003877,pept-1
WBGene00003904,pabp-2
WBGene00003916,par-1
WBGene00003920,par-5
WBGene00003923,pas-2
WBGene00003926,pas-5
WBGene00003927,pas-6
WBGene00003931,pat-4
WBGene00003941,pbo-1
WBGene00003943,pbo-4
WBGene00003949,pbs-3
WBGene00003952,pbs-6
WBGene00003953,pbs-7
WBGene00003956,pcp-1
WBGene00003958,pcp-3
WBGene00003967,pdr-1
WBGene00003976,pes-1
WBGene00003978,pes-4
WBGene00003982,pes-9
WBGene00003986,mct-4
WBGene00003989,pfn-1
WBGene00003990,pfn-2
WBGene00003995,pgp-1
WBGene00003996,pgp-2
WBGene00004010,pha-1
WBGene00004013,pha-4
WBGene00004020,pho-1
WBGene00004023,pho-4
WBGene00004024,php-3
WBGene00004030,pin-2
WBGene00004033,pkc-2
WBGene00004037,plc-2
WBGene00004058,pmp-1
WBGene00004059,pmp-2
WBGene00004061,pmp-4
WBGene00004062,pmp-5
WBGene00004078,pos-1
WBGene00004083,pph-1
WBGene00004091,pps-1
WBGene00004092,ppt-1
WBGene00004096,pqm-1
WBGene00004120,pqn-32
WBGene00004138,pqn-53
WBGene00004169,pqn-89
WBGene00004178,prg-1
WBGene00004180,pri-1
WBGene00004184,T19D2.2
WBGene00004190,pars-2
WBGene00004191,prx-1
WBGene00004192,prx-2
WBGene00004193,prx-3
WBGene00004194,prx-5
WBGene00004195,prx-6
WBGene00004196,prx-11
WBGene00004197,prx-12
WBGene00004198,prx-13
WBGene00004199,prx-14
WBGene00004201,prx-19
WBGene00004204,swsn-4
WBGene00004228,ptr-14
WBGene00004238,ptr-24
WBGene00004258,pyc-1
WBGene00004259,pyr-1
WBGene00004266,rab-1
WBGene00004267,rab-3
WBGene00004271,rab-7
WBGene00004272,rab-8
WBGene00004275,rab-11.2
WBGene00004286,rab-39
WBGene00004305,ran-4
WBGene00004309,rap-3
WBGene00004310,ras-1
WBGene00004318,rbg-2
WBGene00004320,rbx-1
WBGene00004321,rcan-1
WBGene00004326,rde-4
WBGene00004339,rfc-3
WBGene00004341,rfl-1
WBGene00004385,rnp-2
WBGene00004397,rol-6
WBGene00004420,rpl-9
WBGene00004423,rpl-11.2
WBGene00004425,rpl-13
WBGene00004426,rpl-14
WBGene00004431,rpl-19
WBGene00004432,rpl-20
WBGene00004433,rpl-21
WBGene00004434,rpl-22
WBGene00004436,rpl-24.1
WBGene00004437,rpl-24.2
WBGene00004438,rpl-25.1
WBGene00004439,rpl-25.2
WBGene00004442,rpl-28
WBGene00004443,rpl-29
WBGene00004445,rpl-31
WBGene00004447,rpl-33
WBGene00004449,rpl-35
WBGene00004450,rpl-36
WBGene00004451,rpl-37
WBGene00004452,rpl-38
WBGene00004454,rpl-36.A
WBGene00004456,rpl-43
WBGene00004460,rpn-3
WBGene00004464,rpn-8
WBGene00004468,rpn-12
WBGene00004470,rps-1
WBGene00004472,rps-3
WBGene00004474,rps-5
WBGene00004478,rps-9
WBGene00004481,rps-12
WBGene00004483,rps-14
WBGene00004485,rps-16
WBGene00004486,rps-17
WBGene00004487,rps-18
WBGene00004490,rps-21
WBGene00004492,rps-23
WBGene00004494,rps-25
WBGene00004495,rps-26
WBGene00004496,rps-27
WBGene00004498,rps-29
WBGene00004499,rps-30
WBGene00004504,rpt-4
WBGene00004510,rrf-3
WBGene00004681,rsd-2
WBGene00004702,rsp-5
WBGene00004704,rsp-7
WBGene00004768,sel-11
WBGene00004788,sft-4
WBGene00004789,sgk-1
WBGene00004798,sip-1
WBGene00004801,sir-2.2
WBGene00004807,skr-1
WBGene00004809,skr-3
WBGene00004810,skr-4
WBGene00004811,skr-5
WBGene00004819,skr-13
WBGene00004820,skr-14
WBGene00004821,skr-15
WBGene00004822,skr-16
WBGene00004823,skr-17
WBGene00004826,skr-20
WBGene00004855,sma-1
WBGene00004858,sma-4
WBGene00004859,sma-5
WBGene00004860,sma-6
WBGene00004875,smd-1
WBGene00004878,smf-3
WBGene00004888,smo-1
WBGene00004893,sms-2
WBGene00004898,snb-2
WBGene00004918,snr-5
WBGene00004919,snr-6
WBGene00004920,snr-7
WBGene00004927,snx-1
WBGene00004979,sph-1
WBGene00004981,spl-1
WBGene00004986,spp-1
WBGene00004987,spp-2
WBGene00004988,spp-3
WBGene00004989,spp-4
WBGene00004990,spp-5
WBGene00004991,spp-6
WBGene00004993,spp-8
WBGene00004995,spp-10
WBGene00004998,spp-13
WBGene00004999,spp-14
WBGene00005001,spp-16
WBGene00005003,spp-18
WBGene00005007,spr-2
WBGene00005012,F26F4.2
WBGene00005014,spt-4
WBGene00005015,spt-5
WBGene00005712,srv-1
WBGene00005769,srw-22
WBGene00005833,srw-86
WBGene00005932,srx-41
WBGene00006051,ssq-2
WBGene00006052,ssq-3
WBGene00006056,sss-1
WBGene00006057,
WBGene00006061,stl-1
WBGene00006063,sto-1
WBGene00006077,str-9
WBGene00006351,sur-5
WBGene00006366,sym-1
WBGene00006367,sym-2
WBGene00006381,tac-1
WBGene00006392,taf-10
WBGene00006404,tag-10
WBGene00006407,lim-9
WBGene00006410,nck-1
WBGene00006414,raga-1
WBGene00006416,sams-5
WBGene00006433,sdhb-1
WBGene00006438,nrfl-1
WBGene00006452,heh-1
WBGene00006454,aex-4
WBGene00006461,tag-96
WBGene00006464,bath-47
WBGene00006470,tag-120
WBGene00006489,zhit-3
WBGene00006491,acl-3
WBGene00006494,zipt-7.2
WBGene00006496,cgef-1
WBGene00006499,tag-153
WBGene00006503,snx-3
WBGene00006515,txdc-9
WBGene00006520,tag-175
WBGene00006533,tba-7
WBGene00006547,tbx-11
WBGene00006573,tin-10
WBGene00006574,tin-13
WBGene00006575,tir-1
WBGene00006578,tli-1
WBGene00006584,tni-1
WBGene00006585,tni-3
WBGene00006592,dpy-31
WBGene00006603,tps-2
WBGene00006609,tre-3
WBGene00006621,try-3
WBGene00006626,tsn-1
WBGene00006627,tsp-1
WBGene00006628,tsp-2
WBGene00006636,tsp-10
WBGene00006679,twk-26
WBGene00006680,twk-28
WBGene00006713,ubc-18
WBGene00006715,ubc-20
WBGene00006721,ubh-1
WBGene00006730,uev-1
WBGene00006755,unc-16
WBGene00006817,unc-85
WBGene00006890,vem-1
WBGene00006902,vet-6
WBGene00006910,vha-1
WBGene00006911,vha-2
WBGene00006912,vha-3
WBGene00006913,vha-4
WBGene00006915,vha-6
WBGene00006918,vha-9
WBGene00006919,vha-10
WBGene00006920,vha-11
WBGene00006922,vhl-1
WBGene00006925,vit-1
WBGene00006926,vit-2
WBGene00006929,vit-5
WBGene00006930,vit-6
WBGene00006942,wrk-1
WBGene00006946,prx-10
WBGene00006948,wrt-2
WBGene00006951,wrt-5
WBGene00006956,wrt-10
WBGene00006957,wsp-1
WBGene00006965,xtr-1
WBGene00006984,zig-7
WBGene00007000,tufm-1
WBGene00007001,tufm-2
WBGene00007012,mdt-4
WBGene00007014,mdt-10
WBGene00007018,mdt-18
WBGene00007021,immp-1
WBGene00007022,mdt-22
WBGene00007026,mdt-31
WBGene00007045,pgap-2
WBGene00007058,dmd-6
WBGene00007068,cTel55X.1
WBGene00007070,ugt-49
WBGene00007072,ugt-1
WBGene00007073,ugt-2
WBGene00007083,AH10.2
WBGene00007097,B0024.4
WBGene00007099,trx-2
WBGene00007106,B0035.3
WBGene00007107,pfd-4
WBGene00007112,B0035.13
WBGene00007113,B0035.15
WBGene00007129,B0272.3
WBGene00007130,B0272.4
WBGene00007136,B0285.3
WBGene00007142,ttr-18
WBGene00007143,B0334.3
WBGene00007144,B0334.4
WBGene00007153,clec-41
WBGene00007167,rbg-3
WBGene00007178,B0457.2
WBGene00007185,nlp-36
WBGene00007195,thoc-7
WBGene00007223,C01F6.9
WBGene00007228,acs-7
WBGene00007236,C01G10.9
WBGene00007254,C01H6.4
WBGene00007257,C01H6.8
WBGene00007275,C03D6.1
WBGene00007284,C03H12.1
WBGene00007301,C04F12.7
WBGene00007303,rnh-1.3
WBGene00007322,C05B5.5
WBGene00007327,C05C9.3
WBGene00007336,C05C12.4
WBGene00007348,C05G5.2
WBGene00007355,rpb-6
WBGene00007362,cyp-35C1
WBGene00007365,C06B3.6
WBGene00007368,C06B8.2
WBGene00007384,swt-3
WBGene00007385,atp-5
WBGene00007392,fbxa-156
WBGene00007393,fbxa-157
WBGene00007394,C06H5.6
WBGene00007395,dcar-1
WBGene00007400,bud-31
WBGene00007407,C07B5.2
WBGene00007409,C07B5.4
WBGene00007413,pro-2
WBGene00007414,C07E3.3
WBGene00007421,C07H4.1
WBGene00007422,ugt-17
WBGene00007423,C08B6.2
WBGene00007424,C08B6.3
WBGene00007430,C08B6.10
WBGene00007431,C08B6.11
WBGene00007436,C08B11.9
WBGene00007440,C08E8.4
WBGene00007443,pfd-1
WBGene00007453,fbxa-98
WBGene00007455,ugt-22
WBGene00007458,ule-4
WBGene00007460,C08F11.13
WBGene00007463,vgln-1
WBGene00007506,fbxc-58
WBGene00007507,C10C5.3
WBGene00007508,C10C5.4
WBGene00007509,C10C5.5
WBGene00007513,wht-2
WBGene00007515,C10C6.7
WBGene00007533,cbl-1
WBGene00007536,daf-36
WBGene00007546,nhr-153
WBGene00007549,spin-1
WBGene00007550,C13C4.6
WBGene00007557,C14A4.6
WBGene00007558,C14A4.7
WBGene00007560,C14A4.9
WBGene00007565,clec-48
WBGene00007573,C14B1.2
WBGene00007579,C14B1.8
WBGene00007586,ril-2
WBGene00007588,C14C10.5
WBGene00007593,C14H10.3
WBGene00007605,hrg-7
WBGene00007607,C15C8.5
WBGene00007609,C15C8.7
WBGene00007614,gnrr-2
WBGene00007616,rpoa-12
WBGene00007617,rrbs-1
WBGene00007619,C15H11.11
WBGene00007623,C16C10.2
WBGene00007646,nkb-1
WBGene00007649,C17G1.2
WBGene00007650,ugt-23
WBGene00007653,cysl-1
WBGene00007655,C17H1.2
WBGene00007656,pals-2
WBGene00007660,pals-6
WBGene00007679,C18D11.1
WBGene00007680,maa-1
WBGene00007684,C18E9.4
WBGene00007685,C18E9.5
WBGene00007689,C18E9.9
WBGene00007691,cest-8
WBGene00007702,C24H11.5
WBGene00007708,nola-3
WBGene00007716,fbxa-82
WBGene00007717,C25D7.5
WBGene00007718,otub-1
WBGene00007724,C25F9.4
WBGene00007726,C25F9.6
WBGene00007728,C25F9.9
WBGene00007730,C25G4.2
WBGene00007731,C25G4.3
WBGene00007736,igdb-2
WBGene00007743,C26C6.9
WBGene00007753,C27A7.1
WBGene00007763,C27B7.6
WBGene00007764,C27B7.7
WBGene00007769,C27C7.7
WBGene00007772,egrh-1
WBGene00007775,acd-3
WBGene00007778,C27D8.2
WBGene00007779,C27D8.3
WBGene00007796,C28D4.10
WBGene00007807,C29F3.7
WBGene00007808,best-7
WBGene00007810,C29F7.1
WBGene00007811,C29F7.2
WBGene00007812,C29F7.3
WBGene00007824,dlat-2
WBGene00007825,C30H6.8
WBGene00007833,oac-6
WBGene00007848,cytb-5.1
WBGene00007855,C31H5.4
WBGene00007856,C31H5.5
WBGene00007857,C31H5.6
WBGene00007858,C31H5.7
WBGene00007862,kvs-2
WBGene00007864,irg-6
WBGene00007867,C32H11.4
WBGene00007875,dod-24
WBGene00007880,C33A12.1
WBGene00007881,nlp-35
WBGene00007885,ugt-21
WBGene00007886,ethe-1
WBGene00007898,C33D9.3
WBGene00007901,C33D9.8
WBGene00007904,C33G3.4
WBGene00007927,C34C12.8
WBGene00007932,zip-5
WBGene00007937,C34E11.4
WBGene00007939,C34F6.5
WBGene00007942,idh-2
WBGene00007944,C34F6.10
WBGene00007945,C34F6.11
WBGene00007950,C35A5.6
WBGene00007951,dmsr-8
WBGene00007958,C35C5.9
WBGene00007964,cyp-25A2
WBGene00007969,acs-19
WBGene00007970,C36A4.10
WBGene00007971,rpb-3
WBGene00007973,C36B1.6
WBGene00008032,C39E9.8
WBGene00008042,C40H1.7
WBGene00008043,C40H1.8
WBGene00008068,sdz-6
WBGene00008091,C44F1.1
WBGene00008102,C44H9.7
WBGene00008123,ent-4
WBGene00008125,C47A4.5
WBGene00008127,ddo-1
WBGene00008139,C47D12.5
WBGene00008163,C47F8.7
WBGene00008165,C47G2.4
WBGene00008167,acox-1.5
WBGene00008168,C48B4.3
WBGene00008178,C48D1.5
WBGene00008191,C49A1.10
WBGene00008194,C49C3.4
WBGene00008195,ceh-88
WBGene00008199,C49C3.9
WBGene00008200,C49C3.10
WBGene00008201,C49C3.11
WBGene00008211,C49F5.7
WBGene00008216,mec-19
WBGene00008226,C50B8.4
WBGene00008227,C50B8.5
WBGene00008229,C50F4.1
WBGene00008234,C50F4.9
WBGene00008239,fshr-1
WBGene00008246,C50H2.13
WBGene00008255,C51E3.10
WBGene00008262,ril-1
WBGene00008267,C53A5.9
WBGene00008277,mltn-12
WBGene00008282,
WBGene00008296,cdr-2
WBGene00008301,pals-39
WBGene00008333,C55A6.4
WBGene00008335,C55A6.6
WBGene00008336,C55A6.7
WBGene00008340,C55A6.11
WBGene00008341,ttr-44
WBGene00008350,
WBGene00008352,fbxa-6
WBGene00008353,D1025.1
WBGene00008354,gcsh-1
WBGene00008355,fbxa-141
WBGene00008356,nspc-20
WBGene00008368,D1053.3
WBGene00008371,D1054.3
WBGene00008375,D1054.8
WBGene00008380,prp-38
WBGene00008398,D2005.3
WBGene00008405,ttll-12
WBGene00008408,D2023.4
WBGene00008409,mpst-1
WBGene00008414,D2030.4
WBGene00008415,mce-1
WBGene00008425,D2045.8
WBGene00008436,DH11.2
WBGene00008446,E01G4.3
WBGene00008451,cest-3
WBGene00008455,E02H1.1
WBGene00008457,E02H1.5
WBGene00008458,E02H1.6
WBGene00008462,E02H4.4
WBGene00008476,E03H4.8
WBGene00008477,clec-17
WBGene00008483,E04D5.4
WBGene00008486,ugt-44
WBGene00008488,F01D4.5
WBGene00008492,F01D5.1
WBGene00008493,F01D5.2
WBGene00008494,F01D5.3
WBGene00008495,F01D5.5
WBGene00008499,cyp-37A1
WBGene00008504,pigq-1
WBGene00008505,F01G4.6
WBGene00008506,tkt-1
WBGene00008519,cyp-13B1
WBGene00008528,F02E9.1
WBGene00008530,F02E9.5
WBGene00008542,scav-6
WBGene00008547,F07A11.4
WBGene00008548,F07A11.5
WBGene00008553,F07C6.2
WBGene00008557,F07H5.6
WBGene00008560,pho-13
WBGene00008563,F07H5.13
WBGene00008564,acox-1.1
WBGene00008565,acox-1.2
WBGene00008567,acox-1.4
WBGene00008572,F08B12.4
WBGene00008576,F08G2.4
WBGene00008577,F08G2.5
WBGene00008583,ugt-65
WBGene00008584,irg-4
WBGene00008594,clec-57
WBGene00008595,clec-56
WBGene00008596,clec-54
WBGene00008598,spin-3
WBGene00008599,F09A5.2
WBGene00008602,oac-14
WBGene00008606,dhhc-1
WBGene00008607,F09B12.3
WBGene00008621,F09C8.1
WBGene00008628,ttr-21
WBGene00008629,cpt-5
WBGene00008631,F10A3.1
WBGene00008633,fbxa-18
WBGene00008650,F10D11.4
WBGene00008669,acs-14
WBGene00008678,stdh-2
WBGene00008681,scrm-4
WBGene00008683,repo-1
WBGene00008690,F11C1.1
WBGene00008692,scav-4
WBGene00008694,vwa-8
WBGene00008698,F11D11.3
WBGene00008706,gba-3
WBGene00008707,F11E6.3
WBGene00008709,F11E6.6
WBGene00008712,F11E6.9
WBGene00008714,F11F1.1
WBGene00008719,ttr-52
WBGene00008726,F13A7.11
WBGene00008730,F13B12.2
WBGene00008741,ctsa-1.2
WBGene00008742,F13D12.8
WBGene00008752,fipr-15
WBGene00008755,sdz-13
WBGene00008764,dylt-1
WBGene00008767,F13G3.7
WBGene00008768,F13G3.10
WBGene00008781,rpoa-2
WBGene00008787,F14B6.6
WBGene00008802,acp-2
WBGene00008803,lips-10
WBGene00008806,mboa-7
WBGene00008828,
WBGene00008829,cyp-35D1
WBGene00008830,nhr-176
WBGene00008831,F14H3.12
WBGene00008842,
WBGene00008849,try-10
WBGene00008855,F15D3.5
WBGene00008865,F15G9.1
WBGene00008871,tag-314
WBGene00008891,clec-42
WBGene00008897,F16H6.7
WBGene00008900,F16H6.10
WBGene00008915,F17C11.4
WBGene00008917,F17C11.6
WBGene00008920,eef-1G
WBGene00008923,F17C11.12
WBGene00008930,F18A11.3
WBGene00008936,papl-1
WBGene00008939,F18H3.1
WBGene00008944,F19B2.5
WBGene00008954,F19C6.5
WBGene00008961,F19H6.6
WBGene00008967,F20B10.3
WBGene00008969,cdc-50.B
WBGene00008973,F20D1.1
WBGene00008975,F20D1.3
WBGene00008979,slc-25A18.1
WBGene00008986,F20G2.2
WBGene00008988,F20G2.5
WBGene00008992,F21A3.2
WBGene00009002,hint-1
WBGene00009004,pfd-6
WBGene00009006,F21D5.1
WBGene00009008,F21D5.3
WBGene00009013,mrps-33
WBGene00009023,F21G4.1
WBGene00009045,F22B5.10
WBGene00009048,cth-1
WBGene00009049,F22B8.7
WBGene00009051,nduf-6
WBGene00009057,cept-1
WBGene00009059,chw-1
WBGene00009061,pals-14
WBGene00009078,rpb-12
WBGene00009081,F23B12.4
WBGene00009089,jmjd-3.2
WBGene00009093,F23H12.3
WBGene00009118,F25H2.4
WBGene00009119,ndk-1
WBGene00009122,tct-1
WBGene00009128,mrpl-54
WBGene00009131,F25H8.1
WBGene00009138,F25H9.6
WBGene00009139,F25H9.7
WBGene00009140,F26A3.1
WBGene00009142,F26A3.4
WBGene00009146,F26C11.1
WBGene00009156,clec-196
WBGene00009159,F26E4.4
WBGene00009161,cox-7C
WBGene00009165,gpx-1
WBGene00009169,F26F2.4
WBGene00009179,kbp-3
WBGene00009187,F27D4.1
WBGene00009192,asah-2
WBGene00009207,F28C6.8
WBGene00009212,atz-1
WBGene00009219,dpm-3
WBGene00009221,acs-2
WBGene00009226,cyp-37B1
WBGene00009237,F28H7.3
WBGene00009246,gfm-1
WBGene00009259,hpo-34
WBGene00009260,calm-1
WBGene00009261,F30A10.2
WBGene00009266,F30A10.9
WBGene00009272,gras-1
WBGene00009274,F30F8.5
WBGene00009287,psf-2
WBGene00009289,exos-7
WBGene00009293,F31D4.8
WBGene00009304,eva-1
WBGene00009319,mccc-1
WBGene00009328,F32D8.3
WBGene00009329,F32D8.4
WBGene00009330,F32D8.5
WBGene00009347,F32H5.1
WBGene00009353,sdhd-1
WBGene00009367,F33H2.3
WBGene00009369,F33H2.6
WBGene00009374,F34D10.4
WBGene00009389,F35B12.10
WBGene00009393,clec-62
WBGene00009394,clec-63
WBGene00009395,clec-64
WBGene00009396,clec-65
WBGene00009397,clec-66
WBGene00009429,irg-5
WBGene00009430,F35E12.6
WBGene00009431,dct-17
WBGene00009432,cld-9
WBGene00009433,F35E12.9
WBGene00009436,marb-1
WBGene00009443,F35G12.7
WBGene00009444,erh-2
WBGene00009445,F35G12.12
WBGene00009448,zfp-2
WBGene00009452,F36A2.2
WBGene00009453,F36A2.3
WBGene00009454,F36A2.7
WBGene00009455,phip-1
WBGene00009456,F36A2.9
WBGene00009466,F36D1.7
WBGene00009475,F36F2.1
WBGene00009480,F36F2.7
WBGene00009483,F36G3.2
WBGene00009488,oac-20
WBGene00009493,hrg-4
WBGene00009495,hrg-6
WBGene00009505,F37B12.3
WBGene00009512,bigr-1
WBGene00009517,clec-167
WBGene00009518,clec-166
WBGene00009519,F38A1.6
WBGene00009522,F38A1.9
WBGene00009523,clec-165
WBGene00009525,F38A1.13
WBGene00009526,clec-169
WBGene00009531,F38B2.4
WBGene00009534,F38B7.3
WBGene00009554,F39B2.3
WBGene00009560,psa-3
WBGene00009571,F40D4.12
WBGene00009576,F40F8.3
WBGene00009577,F40F8.4
WBGene00009581,F40F9.3
WBGene00009583,aagr-3
WBGene00009588,F40F11.3
WBGene00009589,F40F11.4
WBGene00009595,cbp-3
WBGene00009621,fipr-21
WBGene00009624,cnc-8
WBGene00009628,tatn-1
WBGene00009635,F42F12.3
WBGene00009636,F42F12.4
WBGene00009642,F42G4.5
WBGene00009648,zhit-2
WBGene00009650,ccnk-1
WBGene00009664,idha-1
WBGene00009666,slc-25A42
WBGene00009679,F44D12.2
WBGene00009691,F44E5.4
WBGene00009692,F44E5.5
WBGene00009706,argk-1
WBGene00009710,F44G3.10
WBGene00009711,F44G4.1
WBGene00009722,F45D3.2
WBGene00009723,F45D3.3
WBGene00009724,F45D3.4
WBGene00009728,sdz-19
WBGene00009736,F45G2.10
WBGene00009739,F45H10.2
WBGene00009741,drr-1
WBGene00009745,cox-19
WBGene00009773,lipl-2
WBGene00009781,F46C5.6
WBGene00009782,F46C5.7
WBGene00009783,rer-1
WBGene00009787,F46F2.3
WBGene00009796,F46G10.1
WBGene00009798,F46G10.4
WBGene00009809,F47B8.8
WBGene00009818,acbp-3
WBGene00009852,arrd-24
WBGene00009854,clec-31
WBGene00009857,clec-28
WBGene00009860,clec-32
WBGene00009876,F49C12.6
WBGene00009877,F49C12.7
WBGene00009880,F49C12.11
WBGene00009881,F49C12.12
WBGene00009882,vha-17
WBGene00009883,F49C12.14
WBGene00009886,F49E2.2
WBGene00009895,scl-2
WBGene00009898,dod-23
WBGene00009899,efl-3
WBGene00009902,drd-1
WBGene00009903,F49E12.10
WBGene00009914,F49H6.13
WBGene00009915,F52A8.1
WBGene00009918,gcsh-2
WBGene00009919,kbrl-1
WBGene00009921,F52B5.2
WBGene00009925,F52B11.2
WBGene00009940,strl-1
WBGene00009945,bath-38
WBGene00009947,ttc-36
WBGene00009948,F52H3.6
WBGene00009957,F53B2.8
WBGene00009963,fipr-26
WBGene00009966,isy-1
WBGene00009968,fig-1
WBGene00009971,F53C11.1
WBGene00009973,F53C11.3
WBGene00009979,cutl-1
WBGene00009980,F53F1.2
WBGene00009981,F53F1.3
WBGene00009984,F53F1.6
WBGene00009998,klf-2
WBGene00010037,F54C8.4
WBGene00010041,F54C9.3
WBGene00010043,F54C9.7
WBGene00010047,F54D1.6
WBGene00010048,F54D5.2
WBGene00010049,F54D5.3
WBGene00010050,F54D5.4
WBGene00010052,F54D5.7
WBGene00010063,dhrs-4
WBGene00010070,nep-17
WBGene00010075,F55A11.1
WBGene00010083,xdh-1
WBGene00010086,F55B11.4
WBGene00010088,F55B12.2
WBGene00010089,hpo-31
WBGene00010100,F55C9.3
WBGene00010102,F55C9.5
WBGene00010113,F55D12.5
WBGene00010116,cest-13
WBGene00010117,nkb-3
WBGene00010123,F55G11.2
WBGene00010124,F55G11.4
WBGene00010125,dod-22
WBGene00010127,F55G11.7
WBGene00010128,F55G11.8
WBGene00010130,vha-14
WBGene00010134,F55H12.3
WBGene00010136,F55H12.5
WBGene00010144,F56C4.1
WBGene00010150,F56D5.6
WBGene00010157,oac-34
WBGene00010174,F56H9.2
WBGene00010176,
WBGene00010188,F57B1.5
WBGene00010189,F57B1.6
WBGene00010215,nhr-193
WBGene00010225,ttr-31
WBGene00010230,rpac-19
WBGene00010234,ttr-50
WBGene00010238,F58B4.5
WBGene00010253,F58E6.4
WBGene00010256,hrg-3
WBGene00010257,F58E6.8
WBGene00010266,dct-18
WBGene00010274,F58G6.3
WBGene00010277,F58G6.7
WBGene00010280,rde-12
WBGene00010285,F58H1.2
WBGene00010286,F58H1.3
WBGene00010291,F58H10.1
WBGene00010296,dgat-2
WBGene00010303,cri-3
WBGene00010305,F59A2.5
WBGene00010308,F59B2.3
WBGene00010317,idh-1
WBGene00010328,F59C6.11
WBGene00010330,F59D12.2
WBGene00010333,copz-1
WBGene00010334,del-5
WBGene00010336,acox-1.6
WBGene00010337,serp-1.1
WBGene00010339,acl-1
WBGene00010340,slcf-1
WBGene00010341,glo-3
WBGene00010348,H01G02.1
WBGene00010351,cbd-1
WBGene00010357,H03A11.2
WBGene00010370,ctg-1
WBGene00010383,mpst-3
WBGene00010386,H12D21.10
WBGene00010397,suox-1
WBGene00010407,scb-1
WBGene00010424,lep-5
WBGene00010428,dcn-1
WBGene00010436,JC8.4
WBGene00010456,K01C8.1
WBGene00010458,mrpl-10
WBGene00010461,K01D12.1
WBGene00010467,K01D12.8
WBGene00010470,cdr-4
WBGene00010471,cdr-6
WBGene00010495,K02B12.2
WBGene00010500,K02B12.7
WBGene00010501,K02C4.2
WBGene00010507,K02E2.6
WBGene00010524,K03B8.6
WBGene00010525,K03B8.8
WBGene00010539,ttr-2
WBGene00010540,K03H1.5
WBGene00010545,cbp-2
WBGene00010554,mlc-6
WBGene00010564,ath-1
WBGene00010565,vacl-14
WBGene00010567,K04G2.9
WBGene00010568,K04G2.10
WBGene00010571,K04G11.3
WBGene00010579,K05C4.2
WBGene00010583,K05C4.7
WBGene00010584,K05C4.8
WBGene00010597,K06A4.7
WBGene00010605,K06G5.1
WBGene00010611,K07A1.4
WBGene00010615,ate-1
WBGene00010617,K07A1.13
WBGene00010620,K07A12.1
WBGene00010625,K07C5.2
WBGene00010633,nspd-2
WBGene00010634,K07F5.6
WBGene00010637,K07F5.12
WBGene00010655,K08D8.1
WBGene00010656,K08D8.2
WBGene00010657,K08D8.3
WBGene00010658,K08D8.4
WBGene00010659,K08D8.5
WBGene00010660,K08D8.6
WBGene00010661,tyr-2
WBGene00010665,K08E3.5
WBGene00010667,K08E4.3
WBGene00010671,eak-7
WBGene00010676,ctf-18
WBGene00010680,K08F4.12
WBGene00010681,mak-1
WBGene00010691,K08H2.4
WBGene00010697,uda-1
WBGene00010699,trpp-6
WBGene00010717,K09C8.7
WBGene00010724,K09E9.1
WBGene00010745,dod-17
WBGene00010747,K10D11.3
WBGene00010750,K10D11.6
WBGene00010752,K10G4.3
WBGene00010759,cysl-2
WBGene00010769,asah-1
WBGene00010774,K11E4.2
WBGene00010778,gpdh-2
WBGene00010780,K11H3.3
WBGene00010782,K11H3.5
WBGene00010783,mrpl-36
WBGene00010790,sodh-1
WBGene00010793,LLC1.2
WBGene00010811,hmit-1.3
WBGene00010813,pitp-1
WBGene00010822,M01G12.9
WBGene00010831,M02G9.2
WBGene00010835,M03B6.3
WBGene00010850,M04C3.1
WBGene00010851,M04C3.2
WBGene00010858,M04C9.3
WBGene00010867,tag-260
WBGene00010870,let-522
WBGene00010877,lact-4
WBGene00010879,taap-1
WBGene00010887,M7.12
WBGene00010896,M28.5
WBGene00010897,lact-3
WBGene00010899,M28.8
WBGene00010901,M28.10
WBGene00010904,ugt-62
WBGene00010905,mrps-34
WBGene00010924,M153.1
WBGene00010925,M153.2
WBGene00010928,clec-258
WBGene00010942,chch-3
WBGene00010943,M176.4
WBGene00010977,R02D5.3
WBGene00010983,mocs-1
WBGene00010988,metr-1
WBGene00010993,vha-20
WBGene00010998,R03G8.3
WBGene00011003,R04B5.5
WBGene00011006,ugt-47
WBGene00011012,R04D3.4
WBGene00011014,hpo-30
WBGene00011015,R04F11.2
WBGene00011018,R05A10.1
WBGene00011019,R05A10.2
WBGene00011032,ddx-52
WBGene00011033,tmem-208
WBGene00011035,snrp-27
WBGene00011040,arv-1
WBGene00011059,R06C1.4
WBGene00011064,adsl-1
WBGene00011072,tag-209
WBGene00011073,R07A4.2
WBGene00011074,R07A4.3
WBGene00011076,scav-5
WBGene00011083,glo-1
WBGene00011089,kmo-1
WBGene00011090,R07B7.6
WBGene00011093,R07B7.9
WBGene00011094,R07B7.10
WBGene00011095,gana-1
WBGene00011097,nhr-206
WBGene00011102,R07E3.1
WBGene00011103,R07E3.2
WBGene00011105,R07E3.4
WBGene00011106,acl-5
WBGene00011108,R07E3.7
WBGene00011109,R07E5.1
WBGene00011115,R07E5.7
WBGene00011116,pdcd-2
WBGene00011119,mpc-1
WBGene00011122,cpt-2
WBGene00011123,nuaf-3
WBGene00011124,sdz-27
WBGene00011128,adk-1
WBGene00011129,R07H5.9
WBGene00011139,R08B4.3
WBGene00011144,R08D7.4
WBGene00011145,R08D7.5
WBGene00011147,R08D7.7
WBGene00011155,rbm-3.1
WBGene00011156,rbm-3.2
WBGene00011166,chil-22
WBGene00011167,chil-23
WBGene00011181,R09H10.3
WBGene00011182,R09H10.5
WBGene00011183,R09H10.6
WBGene00011184,R09H10.7
WBGene00011190,swt-6
WBGene00011193,algn-13
WBGene00011194,R10D12.13
WBGene00011195,sao-1
WBGene00011198,R10E4.1
WBGene00011205,R10E4.9
WBGene00011207,R10E8.1
WBGene00011209,R10E8.3
WBGene00011213,R10E8.8
WBGene00011222,R10H10.3
WBGene00011224,R10H10.6
WBGene00011227,nlp-67
WBGene00011230,nud-2
WBGene00011232,pck-2
WBGene00011235,suro-1
WBGene00011239,pges-2
WBGene00011246,R11D1.7
WBGene00011247,mrpl-49
WBGene00011248,R11D1.10
WBGene00011263,R13H4.5
WBGene00011273,R53.4
WBGene00011284,ttr-27
WBGene00011291,R102.4
WBGene00011305,R186.1
WBGene00011306,R186.3
WBGene00011321,fil-1
WBGene00011330,T01D3.6
WBGene00011331,T01E8.1
WBGene00011335,T01E8.8
WBGene00011339,T01G5.1
WBGene00011351,T01H3.5
WBGene00011353,T01H8.2
WBGene00011361,lyst-1
WBGene00011366,T02C1.2
WBGene00011391,mrps-12
WBGene00011399,T03F6.3
WBGene00011404,T03F7.7
WBGene00011412,mrpl-16
WBGene00011423,ipla-7
WBGene00011427,T04C12.1
WBGene00011439,T04F3.4
WBGene00011445,T04F8.7
WBGene00011462,vap-2
WBGene00011464,T05B9.1
WBGene00011469,dylt-3
WBGene00011480,enpl-1
WBGene00011487,T05E12.6
WBGene00011494,T05F1.9
WBGene00011495,T05F1.11
WBGene00011501,rmd-1
WBGene00011513,fbxa-197
WBGene00011517,cgt-1
WBGene00011519,T06C12.12
WBGene00011528,fndc-1
WBGene00011534,T06E4.7
WBGene00011539,fbxa-135
WBGene00011545,T06G6.3
WBGene00011559,umps-1
WBGene00011561,ttr-15
WBGene00011571,ttr-46
WBGene00011579,T07D4.2
WBGene00011610,T08D2.5
WBGene00011630,T08G11.3
WBGene00011634,T09A5.5
WBGene00011648,cni-1
WBGene00011681,T10B10.4
WBGene00011684,T10B10.8
WBGene00011687,cwc-15
WBGene00011707,T11B7.2
WBGene00011730,drr-2
WBGene00011733,T12D8.5
WBGene00011734,mlc-5
WBGene00011738,T12G3.2
WBGene00011739,T12G3.4
WBGene00011740,mrpl-51
WBGene00011743,T13F2.2
WBGene00011756,ctg-2
WBGene00011767,agxt-1
WBGene00011771,T14G8.3
WBGene00011773,ttr-53
WBGene00011775,copg-1
WBGene00011783,T15D6.9
WBGene00011788,hal-3
WBGene00011789,T15H9.4
WBGene00011793,T16A9.3
WBGene00011798,T16G1.4
WBGene00011800,T16G1.6
WBGene00011801,T16G1.7
WBGene00011802,T16G1.9
WBGene00011803,T16G12.1
WBGene00011809,T16G12.8
WBGene00011820,T18D3.1
WBGene00011821,cdf-2
WBGene00011823,T18D3.6
WBGene00011831,T19B10.2
WBGene00011835,pgap-1
WBGene00011838,T19C4.1
WBGene00011844,T19C9.8
WBGene00011846,chil-25
WBGene00011850,T20B3.1
WBGene00011852,clec-26
WBGene00011856,T20D3.2
WBGene00011859,T20D3.6
WBGene00011860,pigc-1
WBGene00011867,chc-1
WBGene00011869,dod-6
WBGene00011870,T20G5.8
WBGene00011883,mrpl-50
WBGene00011893,T21C9.6
WBGene00011897,scpl-4
WBGene00011902,T21E8.4
WBGene00011903,T21E8.5
WBGene00011917,T22C1.6
WBGene00011926,sptf-2
WBGene00011932,sptl-3
WBGene00011936,pgrn-1
WBGene00011938,alh-13
WBGene00011953,ppm-2
WBGene00011966,T23G7.3
WBGene00011967,pir-1
WBGene00011971,lron-9
WBGene00011979,T24B8.5
WBGene00012007,T25B9.1
WBGene00012010,T25B9.4
WBGene00012013,ugt-54
WBGene00012017,shpk-1
WBGene00012018,T25C12.3
WBGene00012029,T25G3.1
WBGene00012034,T26C5.4
WBGene00012058,
WBGene00012081,T27C5.8
WBGene00012101,zip-10
WBGene00012107,T27F6.8
WBGene00012113,T28B8.1
WBGene00012121,T28C6.7
WBGene00012122,T28C6.8
WBGene00012123,T28D6.3
WBGene00012127,T28D6.7
WBGene00012140,T28F4.5
WBGene00012144,T28H10.3
WBGene00012149,VF13D12L.3
WBGene00012162,sek-6
WBGene00012164,W01A8.2
WBGene00012166,nuo-6
WBGene00012179,W01D2.1
WBGene00012182,osta-3
WBGene00012201,W02B12.1
WBGene00012204,mfn-1
WBGene00012213,W02D9.7
WBGene00012216,W02D9.10
WBGene00012221,W03C9.5
WBGene00012231,W04A4.2
WBGene00012235,W04A4.6
WBGene00012240,W04A8.5
WBGene00012245,rbm-25
WBGene00012250,W04E12.5
WBGene00012251,clec-49
WBGene00012253,clec-50
WBGene00012276,his-74
WBGene00012290,
WBGene00012295,nmat-1
WBGene00012296,spe-46
WBGene00012324,rhy-1
WBGene00012326,W07E11.1
WBGene00012330,zip-3
WBGene00012339,W07G4.5
WBGene00012344,ola-1
WBGene00012351,W09C5.1
WBGene00012354,cox-4
WBGene00012361,mrpl-12
WBGene00012364,zmp-4
WBGene00012375,mecr-1
WBGene00012382,ttr-16
WBGene00012407,Y7A5A.1
WBGene00012408,Y7A5A.2
WBGene00012434,Y11D7A.10
WBGene00012436,flh-3
WBGene00012444,Y15E3A.5
WBGene00012445,Y16B4A.2
WBGene00012452,Y17D7B.4
WBGene00012456,Y17D7C.2
WBGene00012462,Y17G7B.8
WBGene00012464,arrd-7
WBGene00012476,Y18D10A.3
WBGene00012483,coa-5
WBGene00012489,Y19D2B.1
WBGene00012494,nhr-232
WBGene00012501,Y26D4A.3
WBGene00012529,Y32F6A.4
WBGene00012530,Y32F6A.5
WBGene00012531,Y32F6B.1
WBGene00012532,crp-1
WBGene00012533,fbxa-209
WBGene00012538,Y37A1B.5
WBGene00012540,Y37A1B.7
WBGene00012546,Y37D8A.4
WBGene00012548,Y37D8A.6
WBGene00012550,spcs-2
WBGene00012553,cox-5A
WBGene00012554,Y37D8A.16
WBGene00012582,clec-8
WBGene00012583,clec-4
WBGene00012608,hphd-1
WBGene00012621,Y38H6C.8
WBGene00012624,fbxa-150
WBGene00012643,Y39A1A.3
WBGene00012645,mrpl-22
WBGene00012646,lron-10
WBGene00012656,Y39A1A.18
WBGene00012668,Y39B6A.5
WBGene00012683,asp-17
WBGene00012688,Y39B6A.29
WBGene00012727,Y39G8B.7
WBGene00012729,Y39G8B.10
WBGene00012739,Y40B1B.7
WBGene00012740,slc-25A46
WBGene00012755,Y41C4A.8
WBGene00012768,eef-1B.2
WBGene00012777,lact-8
WBGene00012780,Y42A5A.5
WBGene00012781,nspd-7
WBGene00012782,Y43C5A.2
WBGene00012810,nceh-1
WBGene00012819,Y43F8B.9
WBGene00012822,Y43F8B.12
WBGene00012823,Y43F8B.13
WBGene00012830,mrps-28
WBGene00012834,Y43F8C.13
WBGene00012853,Y44A6D.2
WBGene00012860,acdh-11
WBGene00012866,afmd-2
WBGene00012885,iscu-1
WBGene00012889,icap-1
WBGene00012890,lact-9
WBGene00012910,Y46G5A.20
WBGene00012911,acl-7
WBGene00012932,Y47D3A.21
WBGene00012947,Y47H9C.1
WBGene00012952,Y47H9C.9
WBGene00012961,Y47H10A.5
WBGene00012968,Y48A6B.7
WBGene00012970,Y48A6B.9
WBGene00013004,mrpl-37
WBGene00013024,cept-2
WBGene00013035,Y49E10.16
WBGene00013037,Y49E10.18
WBGene00013073,hmit-1.1
WBGene00013078,ttr-25
WBGene00013080,Y51A2D.13
WBGene00013081,txt-14
WBGene00013091,Y51B9A.9
WBGene00013101,Y51H4A.5
WBGene00013119,Y51H4A.25
WBGene00013129,Y52B11A.10
WBGene00013140,mop-25.2
WBGene00013144,pno-1
WBGene00013149,Y53F4B.1
WBGene00013176,Y53F4B.39
WBGene00013197,ttm-5
WBGene00013200,Y54E5A.5
WBGene00013208,Y54G9A.5
WBGene00013218,Y54G11A.9
WBGene00013227,Y56A3A.6
WBGene00013236,Y56A3A.18
WBGene00013237,Y56A3A.19
WBGene00013238,trap-4
WBGene00013257,Y57A10A.14
WBGene00013284,daf-22
WBGene00013288,Y57A10C.10
WBGene00013295,Y57G11B.2
WBGene00013301,Y57G11C.3
WBGene00013304,ptp-5.2
WBGene00013305,
WBGene00013308,nuo-3
WBGene00013360,tmed-4
WBGene00013364,Y60A3A.16
WBGene00013399,Y62H9A.11
WBGene00013400,Y62H9A.12
WBGene00013418,Y65A5A.1
WBGene00013426,Y66A7A.7
WBGene00013435,Y66D12A.9
WBGene00013439,Y66D12A.13
WBGene00013482,Y69H2.7
WBGene00013484,Y69H2.9
WBGene00013497,hex-5
WBGene00013514,Y73F4A.1
WBGene00013515,Y73F4A.2
WBGene00013541,lonp-2
WBGene00013550,Y75B8A.14
WBGene00013553,Y75B8A.18
WBGene00013559,Y75B8A.28
WBGene00013560,zip-12
WBGene00013575,acs-5
WBGene00013576,Y76A2B.4
WBGene00013577,Y76A2B.5
WBGene00013580,Y79H2A.3
WBGene00013594,Y87G2A.2
WBGene00013608,clec-35
WBGene00013609,clec-37
WBGene00013643,Y105C5A.24
WBGene00013650,Y105C5B.9
WBGene00013654,Y105C5B.15
WBGene00013693,Y105E8B.9
WBGene00013694,mekk-3
WBGene00013697,dsbn-1
WBGene00013702,Y106G6D.6
WBGene00013708,Y106G6E.4
WBGene00013716,Y106G6H.1
WBGene00013720,Y106G6H.8
WBGene00013749,Y113G7A.12
WBGene00013754,fbxa-116
WBGene00013755,fbxa-115
WBGene00013758,fbxa-114
WBGene00013760,srbc-34
WBGene00013761,Y113G7B.11
WBGene00013762,Y113G7B.12
WBGene00013763,
WBGene00013781,Y116A8B.4
WBGene00013805,bca-2
WBGene00013837,fbxa-30
WBGene00013838,fbxa-31
WBGene00013839,fbxa-32
WBGene00013857,orc-5
WBGene00013866,cbs-1
WBGene00013869,mlck-1
WBGene00013870,ZC373.5
WBGene00013874,cest-2.2
WBGene00013875,cest-2.1
WBGene00013878,atfs-1
WBGene00013880,mppb-1
WBGene00013882,msa-1
WBGene00013884,ZC412.3
WBGene00013886,ZC412.5
WBGene00013893,coa-6
WBGene00013900,ugt-18
WBGene00013901,ugt-16
WBGene00013905,ugt-4
WBGene00013906,ugt-5
WBGene00013920,pssy-1
WBGene00013946,ZK228.3
WBGene00013957,sre-23
WBGene00013958,nol-16
WBGene00013963,sulp-8
WBGene00013968,ZK287.9
WBGene00013976,hizr-1
WBGene00013983,ZK512.2
WBGene00013997,ZK550.3
WBGene00014000,ZK550.6
WBGene00014001,pyk-2
WBGene00014016,ZK632.9
WBGene00014017,ZK632.10
WBGene00014022,ZK637.2
WBGene00014030,glb-1
WBGene00014057,ZK673.1
WBGene00014058,ZK673.2
WBGene00014088,ZK809.8
WBGene00014089,ZK822.1
WBGene00014106,ZK856.5
WBGene00014108,ZK856.7
WBGene00014111,rpc-25
WBGene00014135,ZK896.4
WBGene00014136,ZK896.5
WBGene00014137,clec-187
WBGene00014140,ZK899.1
WBGene00014141,ZK899.2
WBGene00014148,ZK909.3
WBGene00014158,ZK938.1
WBGene00014163,rnh-1.2
WBGene00014164,lact-2
WBGene00014165,puf-12
WBGene00014172,clpp-1
WBGene00014177,frg-1
WBGene00014192,nhr-246
WBGene00014199,ZK1053.4
WBGene00014206,nit-1
WBGene00014207,ZK1058.9
WBGene00014208,znfx-1
WBGene00014222,trpp-3
WBGene00014226,ZK1098.11
WBGene00014234,vps-29
WBGene00014244,ZK1307.1
WBGene00014249,ZK1307.8
WBGene00014251,gstk-1
WBGene00014252,ZK1320.2
WBGene00014253,ZK1320.3
WBGene00014262,ZK1321.4
WBGene00014300,D2023.1
WBGene00014666,C05D12.3
WBGene00014669,zipt-2.1
WBGene00014697,cyp-25A3
WBGene00014864,
WBGene00014999,AH9.3
WBGene00015009,B0041.5
WBGene00015010,ptps-1
WBGene00015038,nstp-6
WBGene00015044,cyp-34A9
WBGene00015046,nlp-34
WBGene00015047,faah-1
WBGene00015048,faah-2
WBGene00015050,clec-51
WBGene00015052,clec-52
WBGene00015057,gad-3
WBGene00015059,B0228.1
WBGene00015064,B0228.7
WBGene00015067,cest-35.1
WBGene00015088,B0252.3
WBGene00015100,B0280.2
WBGene00015101,rpia-1
WBGene00015106,B0280.11
WBGene00015107,viro-2
WBGene00015110,B0281.3
WBGene00015115,B0286.1
WBGene00015116,paic-1
WBGene00015122,B0302.5
WBGene00015125,B0303.3
WBGene00015133,mrpl-11
WBGene00015141,ugt-46
WBGene00015147,B0336.7
WBGene00015152,B0348.2
WBGene00015158,B0361.4
WBGene00015162,algn-11
WBGene00015163,B0361.9
WBGene00015181,B0416.5
WBGene00015196,B0454.5
WBGene00015207,B0495.8
WBGene00015208,B0495.9
WBGene00015211,B0496.2
WBGene00015216,valv-1
WBGene00015220,B0507.3
WBGene00015225,B0507.8
WBGene00015227,ddn-1
WBGene00015248,mai-2
WBGene00015251,B0546.4
WBGene00015259,dod-20
WBGene00015279,cest-5.1
WBGene00015280,C01B10.6
WBGene00015284,cest-5.2
WBGene00015291,C01B12.8
WBGene00015297,sco-1
WBGene00015303,rga-6
WBGene00015307,C01G5.5
WBGene00015327,snpn-1
WBGene00015328,C02B10.3
WBGene00015333,slc-17.3
WBGene00015339,C02E7.6
WBGene00015344,nra-4
WBGene00015348,C02F5.5
WBGene00015349,henn-1
WBGene00015362,fbxa-105
WBGene00015369,ugt-51
WBGene00015376,C03B1.5
WBGene00015378,C03B1.7
WBGene00015381,C03B1.13
WBGene00015382,C03B1.14
WBGene00015389,scav-1
WBGene00015400,cyp-35A2
WBGene00015403,clec-10
WBGene00015410,tbc-6
WBGene00015469,C05D2.8
WBGene00015471,lmp-2
WBGene00015477,attf-4
WBGene00015479,wht-1
WBGene00015480,C05D10.4
WBGene00015483,C05D11.5
WBGene00015487,mrps-17
WBGene00015488,C05D11.13
WBGene00015511,C06A6.7
WBGene00015517,C06A8.8
WBGene00015522,C06E1.7
WBGene00015526,C06E1.11
WBGene00015540,sams-4
WBGene00015547,ain-1
WBGene00015554,C06G3.8
WBGene00015557,hrpk-2
WBGene00015558,C06G4.4
WBGene00015561,C07A12.7
WBGene00015565,C07D8.6
WBGene00015567,bath-44
WBGene00015569,C07D10.5
WBGene00015574,irg-1
WBGene00015579,C07H6.2
WBGene00015581,C07H6.4
WBGene00015593,C08E3.1
WBGene00015596,
WBGene00015597,
WBGene00015598,fbxa-163
WBGene00015599,fbxa-164
WBGene00015601,fbxa-166
WBGene00015602,fbxa-158
WBGene00015608,math-3
WBGene00015609,math-4
WBGene00015610,C08F1.6
WBGene00015613,C08F1.10
WBGene00015623,C09B8.4
WBGene00015646,mlt-10
WBGene00015648,orai-1
WBGene00015650,pkg-2
WBGene00015664,C10A4.3
WBGene00015671,C10B5.3
WBGene00015692,ugt-25
WBGene00015702,C11D2.4
WBGene00015709,cyp-33A1
WBGene00015713,C12D12.1
WBGene00015716,sox-4
WBGene00015728,C13A10.1
WBGene00015735,pdfr-1
WBGene00015739,ugt-7
WBGene00015745,C13F10.6
WBGene00015747,C13G5.2
WBGene00015752,C14B9.2
WBGene00015756,C14C6.2
WBGene00015759,C14C6.5
WBGene00015762,C14C6.8
WBGene00015767,hex-2
WBGene00015768,C14C11.4
WBGene00015783,C15B12.1
WBGene00015791,C15C7.5
WBGene00015793,C15C7.7
WBGene00015802,kynu-1
WBGene00015803,C15H9.9
WBGene00015806,smrc-1
WBGene00015809,C16A3.4
WBGene00015810,C16A3.5
WBGene00015811,C16A3.6
WBGene00015814,oatr-1
WBGene00015823,C16B8.3
WBGene00015828,math-14
WBGene00015829,math-15
WBGene00015859,C16D9.4
WBGene00015884,C17B7.10
WBGene00015885,fbxa-65
WBGene00015887,C17C3.1
WBGene00015889,C17C3.3
WBGene00015894,acdh-2
WBGene00015906,C17E7.13
WBGene00015910,C17F4.2
WBGene00015913,C17F4.7
WBGene00015914,C17F4.8
WBGene00015915,C17G10.1
WBGene00015930,cest-4
WBGene00015932,C17H12.6
WBGene00015933,C17H12.8
WBGene00015938,anat-1
WBGene00015941,C18A3.3
WBGene00015947,C18A11.1
WBGene00015949,C18A11.3
WBGene00015955,C18B2.4
WBGene00015956,C18B2.5
WBGene00015965,ugt-48
WBGene00015971,swsn-2.2
WBGene00015981,elt-7
WBGene00015984,C18G1.6
WBGene00016004,C18H9.6
WBGene00016009,C23F12.4
WBGene00016011,C23G10.2
WBGene00016012,C23G10.5
WBGene00016018,C23H3.2
WBGene00016019,ascc-1
WBGene00016020,sptl-1
WBGene00016023,prmt-6
WBGene00016027,C23H5.8
WBGene00016034,C24A3.4
WBGene00016046,C24B5.4
WBGene00016048,C24B9.3
WBGene00016052,dod-3
WBGene00016054,C24D10.2
WBGene00016055,C24D10.4
WBGene00016057,C24D10.6
WBGene00016058,nspd-3
WBGene00016061,hpo-15
WBGene00016062,C24G6.8
WBGene00016068,C24H10.2
WBGene00016073,C24H12.4
WBGene00016088,clec-266
WBGene00016097,C25E10.8
WBGene00016102,C25F6.1
WBGene00016103,dpyd-1
WBGene00016109,C25G6.4
WBGene00016112,C25H3.3
WBGene00016116,C25H3.7
WBGene00016124,dnc-4
WBGene00016130,C26B2.8
WBGene00016134,C26B9.5
WBGene00016143,eri-9
WBGene00016144,mmab-1
WBGene00016146,C26F1.1
WBGene00016148,C26F1.3
WBGene00016149,frpr-3
WBGene00016155,C27A12.4
WBGene00016162,crh-2
WBGene00016164,C27D9.2
WBGene00016167,vps-22
WBGene00016173,fust-1
WBGene00016174,C27H5.4
WBGene00016190,rcs-1
WBGene00016191,C28G1.6
WBGene00016193,C28H8.2
WBGene00016194,C28H8.3
WBGene00016195,erd-2.2
WBGene00016204,gsto-1
WBGene00016217,C29F9.2
WBGene00016218,pals-23
WBGene00016219,pals-24
WBGene00016224,
WBGene00016225,
WBGene00016235,C29H12.2
WBGene00016244,C30B5.2
WBGene00016245,rbmx-2
WBGene00016249,mrpl-32
WBGene00016265,trhr-1
WBGene00016266,idhg-2
WBGene00016269,C30G4.4
WBGene00016274,C30G12.2
WBGene00016278,erp-44.1
WBGene00016282,C31B8.7
WBGene00016289,lntl-1
WBGene00016294,C31H2.4
WBGene00016307,fbxc-18
WBGene00016313,set-4
WBGene00016314,C32D5.6
WBGene00016316,C32D5.8
WBGene00016321,tppp-1
WBGene00016323,C32E8.5
WBGene00016325,C32E8.9
WBGene00016332,C32F10.4
WBGene00016335,gba-1
WBGene00016336,C33C12.4
WBGene00016358,C33F10.12
WBGene00016362,C33G8.4
WBGene00016365,nhr-139
WBGene00016367,nhr-162
WBGene00016368,nhr-163
WBGene00016375,rpap-3
WBGene00016379,C33H5.13
WBGene00016390,ttc-1
WBGene00016393,C34B2.8
WBGene00016395,spcs-1
WBGene00016399,C34D4.3
WBGene00016400,C34D4.4
WBGene00016403,grsp-3
WBGene00016404,mutd-1
WBGene00016409,sumv-1
WBGene00016412,mrps-26
WBGene00016415,ampd-1
WBGene00016419,tyr-4
WBGene00016421,cdc-7
WBGene00016425,C34H4.2
WBGene00016429,C35A11.2
WBGene00016431,C35A11.4
WBGene00016435,C35B1.5
WBGene00016439,C35D10.1
WBGene00016440,gipc-1
WBGene00016442,C35D10.5
WBGene00016445,C35D10.8
WBGene00016449,tost-1
WBGene00016450,clec-5
WBGene00016457,C35E7.5
WBGene00016461,C35E7.9
WBGene00016493,C37A2.7
WBGene00016494,C37A2.8
WBGene00016497,
WBGene00016502,C37C3.10
WBGene00016507,abhd-5.2
WBGene00016508,C37H5.5
WBGene00016511,C37H5.13
WBGene00016512,C38C3.3
WBGene00016535,C39D10.8
WBGene00016538,C39F7.1
WBGene00016542,C39H7.4
WBGene00016555,math-20
WBGene00016556,math-21
WBGene00016573,lido-12
WBGene00016574,lido-11
WBGene00016575,lido-10
WBGene00016576,lido-9
WBGene00016583,tag-335
WBGene00016590,C42C1.12
WBGene00016594,C42D4.1
WBGene00016599,C42D8.1
WBGene00016607,C43E11.9
WBGene00016608,cogc-5
WBGene00016623,psmd-9
WBGene00016629,C44B7.7
WBGene00016631,C44B7.11
WBGene00016641,C44C1.1
WBGene00016642,chil-10
WBGene00016644,abhd-3.2
WBGene00016646,fbxc-5
WBGene00016648,fbxc-2
WBGene00016649,fbxc-1
WBGene00016655,acbp-1
WBGene00016657,C44E12.1
WBGene00016659,C45B2.2
WBGene00016664,C45E5.1
WBGene00016669,ilys-2
WBGene00016699,del-7
WBGene00016705,slcr-46.1
WBGene00016717,math-22
WBGene00016719,math-24
WBGene00016721,C46G7.1
WBGene00016728,C46H11.2
WBGene00016729,C46H11.3
WBGene00016734,C46H11.10
WBGene00016740,C48B6.2
WBGene00016746,C48B6.10
WBGene00016752,C48E7.7
WBGene00016756,C49A9.2
WBGene00016757,C49A9.3
WBGene00016758,C49A9.4
WBGene00016759,C49A9.5
WBGene00016760,C49A9.6
WBGene00016763,C49A9.9
WBGene00016765,C49C8.1
WBGene00016766,C49C8.2
WBGene00016769,C49C8.5
WBGene00016781,C49G7.3
WBGene00016788,C49G7.10
WBGene00016791,C49H3.4
WBGene00016794,C49H3.9
WBGene00016797,C50A2.3
WBGene00016798,ets-8
WBGene00016838,C50F2.4
WBGene00016848,klo-1
WBGene00016849,acs-21
WBGene00016862,cest-32
WBGene00016863,cest-35.2
WBGene00016865,ets-9
WBGene00016866,coel-1
WBGene00016867,C52B9.4
WBGene00016874,C52B11.5
WBGene00016877,C52D10.3
WBGene00016881,C52E2.2
WBGene00016883,C52E2.4
WBGene00016884,C52E2.5
WBGene00016892,pgph-3
WBGene00016894,C53B7.3
WBGene00016898,clik-2
WBGene00016900,C53C11.2
WBGene00016907,C53H9.2
WBGene00016912,clec-86
WBGene00016913,lam-2
WBGene00016914,C54D1.7
WBGene00016934,mboa-3
WBGene00016939,C55B6.1
WBGene00016942,C55B7.3
WBGene00016943,acdh-1
WBGene00016958,ilys-4
WBGene00016970,C56E6.2
WBGene00016987,CC8.2
WBGene00016989,mrpl-48
WBGene00016990,vps-37
WBGene00016992,zhit-1
WBGene00016998,D1005.4
WBGene00017005,D1007.8
WBGene00017012,acs-22
WBGene00017016,snap-1
WBGene00017023,D1022.4
WBGene00017027,D1044.1
WBGene00017041,D2007.1
WBGene00017045,atg-13
WBGene00017048,D2021.4
WBGene00017053,D2024.5
WBGene00017070,praf-3
WBGene00017074,D2096.7
WBGene00017076,D2096.9
WBGene00017082,DC2.5
WBGene00017089,poml-2
WBGene00017091,ttr-40
WBGene00017092,E02C12.6
WBGene00017100,
WBGene00017101,E02H9.3
WBGene00017102,
WBGene00017108,cyp-43A1
WBGene00017119,timm-17B.1
WBGene00017120,tctn-1
WBGene00017121,cyc-2.1
WBGene00017123,maoc-1
WBGene00017124,E04F6.4
WBGene00017125,acdh-12
WBGene00017127,E04F6.8
WBGene00017131,E04F6.15
WBGene00017133,EEED8.2
WBGene00017159,F01F1.2
WBGene00017163,dnpp-1
WBGene00017166,aldo-2
WBGene00017169,F01F1.15
WBGene00017184,ncam-1
WBGene00017197,F07C3.9
WBGene00017199,clec-45
WBGene00017225,fbxa-52
WBGene00017226,fbxa-53
WBGene00017238,F08B4.7
WBGene00017239,F08B6.1
WBGene00017244,apy-1
WBGene00017254,fbxb-111
WBGene00017257,F08F1.3
WBGene00017272,F08F8.7
WBGene00017283,F09E5.3
WBGene00017286,F09E5.8
WBGene00017287,
WBGene00017289,F09E5.11
WBGene00017301,hach-1
WBGene00017302,F09F7.5
WBGene00017303,F09F7.6
WBGene00017304,nmad-1
WBGene00017307,F09F9.2
WBGene00017310,F09G2.1
WBGene00017319,mrps-9
WBGene00017322,clec-160
WBGene00017323,mps-4
WBGene00017326,dmd-5
WBGene00017327,F10C1.8
WBGene00017334,F10D2.8
WBGene00017335,F10D2.10
WBGene00017340,F10D7.3
WBGene00017356,F10E9.4
WBGene00017357,F10E9.5
WBGene00017361,F10E9.12
WBGene00017362,F10G2.1
WBGene00017364,clec-7
WBGene00017365,F10G2.4
WBGene00017374,ttr-41
WBGene00017385,F11G11.5
WBGene00017386,nspd-5
WBGene00017390,F12A10.1
WBGene00017391,
WBGene00017398,slc-17.6
WBGene00017417,F13B6.2
WBGene00017427,acp-5
WBGene00017429,F13D11.4
WBGene00017430,bcl-11
WBGene00017431,cest-33
WBGene00017434,F13H8.1
WBGene00017437,nmgp-1
WBGene00017443,F13H8.11
WBGene00017445,sid-5
WBGene00017446,F14B8.4
WBGene00017447,F14B8.5
WBGene00017448,F14B8.6
WBGene00017449,otpl-3
WBGene00017473,F14H12.6
WBGene00017482,set-9
WBGene00017484,F15E6.3
WBGene00017487,F15E6.6
WBGene00017490,pud-2.1
WBGene00017498,pud-4
WBGene00017501,pud-3
WBGene00017506,F16B4.4
WBGene00017515,F16F9.4
WBGene00017521,F16G10.6
WBGene00017529,
WBGene00017537,F17A9.5
WBGene00017541,F17E9.4
WBGene00017553,nep-8
WBGene00017565,ddo-2
WBGene00017574,pxmp-4
WBGene00017577,F18F11.4
WBGene00017582,F18G5.6
WBGene00017591,F19C7.1
WBGene00017592,F19C7.2
WBGene00017599,F19F10.3
WBGene00017621,txt-17
WBGene00017635,F20D6.5
WBGene00017640,F20D6.11
WBGene00017650,F21A9.1
WBGene00017651,F21A9.2
WBGene00017659,F21C10.10
WBGene00017660,F21C10.11
WBGene00017667,ttr-37
WBGene00017675,F21F3.6
WBGene00017678,asp-12
WBGene00017681,slc-17.5
WBGene00017687,ets-4
WBGene00017698,F22B7.9
WBGene00017703,F22E5.1
WBGene00017704,F22E5.2
WBGene00017705,F22E5.6
WBGene00017706,F22E5.7
WBGene00017713,F22E5.20
WBGene00017726,F22H10.2
WBGene00017727,F22H10.3
WBGene00017734,F23C8.5
WBGene00017735,did-2
WBGene00017738,tipn-1
WBGene00017763,crls-1
WBGene00017764,F25A2.1
WBGene00017765,gcst-1
WBGene00017767,F25B4.4
WBGene00017770,F25B4.7
WBGene00017771,F25B4.8
WBGene00017772,clec-1
WBGene00017775,F25B5.3
WBGene00017776,F25B5.5
WBGene00017777,F25B5.6
WBGene00017780,F25E2.2
WBGene00017781,F25E2.3
WBGene00017789,F25E5.8
WBGene00017798,slc-17.8
WBGene00017799,F25G6.8
WBGene00017815,F26B1.1
WBGene00017818,F26D11.1
WBGene00017819,F26D11.2
WBGene00017823,pals-34
WBGene00017828,F26F4.6
WBGene00017829,F26F4.9
WBGene00017830,rpb-8
WBGene00017861,F27D9.2
WBGene00017874,acdh-9
WBGene00017878,
WBGene00017881,asp-13
WBGene00017887,F28B3.6
WBGene00017889,F28B3.10
WBGene00017892,F28B4.3
WBGene00017893,F28B4.4
WBGene00017896,F28C10.1
WBGene00017905,F28F5.6
WBGene00017916,F29A7.6
WBGene00017919,F29B9.1
WBGene00017920,jmjd-1.2
WBGene00017921,F29B9.5
WBGene00017924,mrps-21
WBGene00017925,F29B9.11
WBGene00017926,cox-6C
WBGene00017954,F31E8.4
WBGene00017961,nhr-180
WBGene00017962,fbxa-72
WBGene00017964,F31F7.1
WBGene00017969,ctsa-3.1
WBGene00017971,F32A5.8
WBGene00017982,hpo-18
WBGene00017995,F32E10.8
WBGene00017996,F33D4.4
WBGene00017997,mrpl-1
WBGene00018006,gpaa-1
WBGene00018035,sek-4
WBGene00018036,F35C8.5
WBGene00018044,F35D11.3
WBGene00018065,F35F11.2
WBGene00018069,F35H10.3
WBGene00018070,F35H10.5
WBGene00018071,F35H10.6
WBGene00018085,ttr-20
WBGene00018101,
WBGene00018117,nlp-47
WBGene00018146,F37C4.6
WBGene00018150,epg-4
WBGene00018151,F37C12.3
WBGene00018153,F37C12.10
WBGene00018164,sup-36
WBGene00018174,F38B6.4
WBGene00018181,mpdu-1
WBGene00018195,btb-16
WBGene00018199,
WBGene00018200,btb-17
WBGene00018206,ugt-61
WBGene00018207,F39G3.2
WBGene00018210,F39G3.5
WBGene00018216,F40A3.1
WBGene00018230,mage-1
WBGene00018237,irg-7
WBGene00018239,sec-20
WBGene00018240,cox-17
WBGene00018241,F40G9.5
WBGene00018242,F40G9.6
WBGene00018259,F41B4.3
WBGene00018269,acs-11
WBGene00018280,F41C6.7
WBGene00018286,F41E6.5
WBGene00018290,vps-60
WBGene00018297,F41F3.3
WBGene00018302,F41G3.6
WBGene00018335,F42A9.6
WBGene00018342,F42A10.6
WBGene00018343,F42A10.7
WBGene00018350,ifo-1
WBGene00018351,F42G2.2
WBGene00018353,fbxa-182
WBGene00018370,F42H10.6
WBGene00018374,tag-343
WBGene00018375,F43C9.1
WBGene00018384,F43C11.7
WBGene00018393,msra-1
WBGene00018395,mtch-1
WBGene00018398,sptl-2
WBGene00018405,F44A2.5
WBGene00018406,F44A2.7
WBGene00018411,F44B9.10
WBGene00018419,F44E2.6
WBGene00018422,F44E2.9
WBGene00018424,pgph-2
WBGene00018425,F44E7.3
WBGene00018431,F44E7.9
WBGene00018435,btb-9
WBGene00018465,F45E1.4
WBGene00018467,sdpn-1
WBGene00018475,mrpl-14
WBGene00018481,F45F2.9
WBGene00018484,F46C8.1
WBGene00018489,F46E10.2
WBGene00018491,mdh-1
WBGene00018516,gakh-1
WBGene00018532,F47B7.1
WBGene00018535,F47B7.4
WBGene00018560,F47D12.3
WBGene00018562,F47D12.6
WBGene00018598,F48C1.5
WBGene00018602,F48D6.4
WBGene00018604,uggt-1
WBGene00018614,pals-31
WBGene00018616,F48G7.5
WBGene00018619,F48G7.8
WBGene00018634,pigx-1
WBGene00018635,nprl-2
WBGene00018643,drd-50
WBGene00018645,F49F1.5
WBGene00018646,mul-1
WBGene00018647,F49F1.7
WBGene00018680,tsen-54
WBGene00018683,F52D1.2
WBGene00018694,F52E1.5
WBGene00018718,dhcr-24
WBGene00018724,F53A9.1
WBGene00018725,kreg-1
WBGene00018729,F53A9.6
WBGene00018731,F53A9.8
WBGene00018760,irg-3
WBGene00018762,F53E10.6
WBGene00018764,F53F10.2
WBGene00018765,mpc-2
WBGene00018779,F53H8.3
WBGene00018786,hmbx-1
WBGene00018803,fbxa-24
WBGene00018812,sumv-2
WBGene00018823,F54E2.1
WBGene00018835,F54F2.7
WBGene00018839,F54H5.2
WBGene00018841,F54H5.5
WBGene00018851,F55A3.6
WBGene00018860,vpat-1
WBGene00018874,tag-234
WBGene00018877,aman-1
WBGene00018885,drd-5
WBGene00018894,mff-2
WBGene00018904,F55G1.9
WBGene00018907,F55G1.15
WBGene00018911,F56A4.3
WBGene00018912,F56A4.4
WBGene00018930,F56B3.6
WBGene00018931,ugt-52
WBGene00018934,F56B3.11
WBGene00018939,fbxa-190
WBGene00018951,F56C9.7
WBGene00018952,F56C9.8
WBGene00018971,clec-67
WBGene00018984,F56F10.1
WBGene00018986,cdo-1
WBGene00018996,F57B9.1
WBGene00018999,F57B9.8
WBGene00019003,tmed-3
WBGene00019016,F57F4.2
WBGene00019017,F57F4.4
WBGene00019021,F57H12.6
WBGene00019022,F58A6.1
WBGene00019057,F58F9.3
WBGene00019058,F58F9.4
WBGene00019060,acox-3
WBGene00019061,F58F12.1
WBGene00019068,faah-3
WBGene00019073,fbxc-3
WBGene00019097,F59B1.2
WBGene00019100,F59B1.8
WBGene00019105,asp-8
WBGene00019126,sam-4
WBGene00019163,ubxn-6
WBGene00019164,H06H21.8
WBGene00019168,H06I04.3
WBGene00019181,
WBGene00019182,H10E21.1
WBGene00019197,H14A12.5
WBGene00019200,H14E04.3
WBGene00019203,ttr-47
WBGene00019212,zmp-2
WBGene00019213,H20E11.1
WBGene00019214,H20E11.2
WBGene00019215,H20E11.3
WBGene00019225,bgal-2
WBGene00019232,ugt-13
WBGene00019234,ugt-8
WBGene00019261,H34I24.2
WBGene00019270,H41C03.3
WBGene00019276,algn-5
WBGene00019280,K01A2.5
WBGene00019298,pnp-1
WBGene00019322,ahcy-1
WBGene00019327,zip-2
WBGene00019337,K02F6.3
WBGene00019345,tmem-135
WBGene00019351,lron-7
WBGene00019353,K03B4.1
WBGene00019368,txt-4
WBGene00019373,K04A8.1
WBGene00019381,K04C2.3
WBGene00019384,
WBGene00019404,K05B2.4
WBGene00019407,lect-2
WBGene00019410,K05F1.9
WBGene00019433,acdh-3
WBGene00019435,K06A9.1
WBGene00019444,frpr-11
WBGene00019466,tos-1
WBGene00019473,cyp-35A5
WBGene00019476,timp-1
WBGene00019477,cest-17
WBGene00019478,cri-2
WBGene00019479,K07C11.7
WBGene00019481,cogc-6
WBGene00019492,K07E3.4
WBGene00019493,catp-5
WBGene00019495,sdz-24
WBGene00019496,frpr-14
WBGene00019502,K07G6.1
WBGene00019511,lido-8
WBGene00019516,ugt-20
WBGene00019532,
WBGene00019533,K08D10.10
WBGene00019547,K09C4.1
WBGene00019563,K09C6.9
WBGene00019564,K09D9.1
WBGene00019568,
WBGene00019572,K09E2.3
WBGene00019599,acds-10
WBGene00019604,pgph-1
WBGene00019605,ctsa-4.1
WBGene00019607,K10B2.4
WBGene00019609,K10B3.1
WBGene00019617,ctsa-2
WBGene00019620,fah-1
WBGene00019631,K10D2.5
WBGene00019644,cpt-4
WBGene00019647,K11D12.7
WBGene00019649,exc-14
WBGene00019659,K11H12.3
WBGene00019660,K11H12.4
WBGene00019661,K11H12.5
WBGene00019672,
WBGene00019673,K12C11.1
WBGene00019674,K12C11.3
WBGene00019678,K12H4.3
WBGene00019680,K12H4.5
WBGene00019682,K12H4.7
WBGene00019693,ostd-1
WBGene00019703,fbxb-41
WBGene00019710,M01E11.1
WBGene00019717,trx-3
WBGene00019719,M01H9.3
WBGene00019720,M01H9.4
WBGene00019730,asns-2
WBGene00019736,M02F4.2
WBGene00019738,clec-265
WBGene00019744,M02H5.8
WBGene00019756,M03E7.4
WBGene00019757,memb-2
WBGene00019760,calu-1
WBGene00019763,galt-1
WBGene00019767,rpa-2
WBGene00019779,endu-2
WBGene00019789,
WBGene00019803,PDB1.1
WBGene00019805,R01B10.3
WBGene00019813,ger-1
WBGene00019824,R02D3.7
WBGene00019825,R02D3.8
WBGene00019830,hrg-1
WBGene00019846,gpx-7
WBGene00019858,R03H10.6
WBGene00019859,R03H10.7
WBGene00019869,cnnm-2
WBGene00019880,R05D3.6
WBGene00019886,R05D8.9
WBGene00019887,R05D8.11
WBGene00019895,aagr-2
WBGene00019900,vdac-1
WBGene00019914,clec-150
WBGene00019921,fbxc-34
WBGene00019929,R07C3.13
WBGene00019937,R07E4.3
WBGene00019941,pgam-5
WBGene00019957,R08E3.1
WBGene00019963,R08E5.3
WBGene00019978,hacd-1
WBGene00019986,R09F10.1
WBGene00019993,rbx-2
WBGene00019998,R10H1.1
WBGene00020007,R11F4.1
WBGene00020015,nhr-210
WBGene00020020,R12B2.6
WBGene00020022,gldc-1
WBGene00020026,R12C12.6
WBGene00020029,R12C12.9
WBGene00020034,R12E2.8
WBGene00020036,R12E2.11
WBGene00020037,mrps-6
WBGene00020038,R12E2.13
WBGene00020040,R12E2.15
WBGene00020047,ttr-32
WBGene00020064,kbp-1
WBGene00020068,cra-1
WBGene00020069,R13H7.2
WBGene00020073,sdz-28
WBGene00020082,gcp-2.1
WBGene00020093,R144.3
WBGene00020094,wip-1
WBGene00020096,R144.6
WBGene00020101,lmtr-5
WBGene00020109,R151.6
WBGene00020112,pfd-5
WBGene00020128,R193.2
WBGene00020137,T01B10.5
WBGene00020139,eppl-1
WBGene00020153,nhr-212
WBGene00020158,T02C5.1
WBGene00020164,
WBGene00020169,mmaa-1
WBGene00020175,T02H6.5
WBGene00020181,T02H6.11
WBGene00020182,ugt-53
WBGene00020191,clec-53
WBGene00020192,T03F1.11
WBGene00020197,mans-3
WBGene00020211,T04C9.3
WBGene00020216,trap-2
WBGene00020222,fut-6
WBGene00020246,clic-1
WBGene00020251,camt-1
WBGene00020256,T05C3.6
WBGene00020258,T05E7.1
WBGene00020259,T05E7.3
WBGene00020268,hpo-19
WBGene00020275,atp-4
WBGene00020280,T06A1.5
WBGene00020295,
WBGene00020298,T07A9.10
WBGene00020307,T07D3.4
WBGene00020314,T07E3.3
WBGene00020324,T07F12.4
WBGene00020325,bath-46
WBGene00020326,math-38
WBGene00020335,ttr-30
WBGene00020340,T08B1.1
WBGene00020343,acs-3
WBGene00020347,ech-1.2
WBGene00020348,mrpl-23
WBGene00020358,math-39
WBGene00020359,math-40
WBGene00020360,math-41
WBGene00020366,acdh-10
WBGene00020369,exc-15
WBGene00020373,gpx-6
WBGene00020374,serp-1.2
WBGene00020378,T09B4.4
WBGene00020380,T09B4.6
WBGene00020391,cct-7
WBGene00020393,T10B5.7
WBGene00020394,T10B5.8
WBGene00020397,pcbd-1
WBGene00020398,cerk-1
WBGene00020401,T10B11.5
WBGene00020441,bcas-2
WBGene00020445,T12B3.2
WBGene00020446,T12B3.3
WBGene00020448,fbxa-51
WBGene00020449,fbxa-54
WBGene00020455,fbxa-59
WBGene00020456,fbxa-60
WBGene00020457,fbxa-67
WBGene00020460,nhr-273
WBGene00020471,pho-14
WBGene00020472,lips-11
WBGene00020473,lips-12
WBGene00020500,T14B4.3
WBGene00020509,hex-1
WBGene00020517,hpo-8
WBGene00020524,dmsr-13
WBGene00020532,math-42
WBGene00020540,pals-25
WBGene00020557,T19B4.3
WBGene00020574,T19D7.6
WBGene00020576,T19D12.1
WBGene00020578,
WBGene00020583,T19D12.9
WBGene00020587,ugt-9
WBGene00020592,ugt-12
WBGene00020593,ugt-11
WBGene00020624,T20D4.19
WBGene00020646,zmp-6
WBGene00020658,T21F4.1
WBGene00020660,T21G5.2
WBGene00020662,T21H3.1
WBGene00020688,cest-6
WBGene00020691,igdb-3
WBGene00020699,T22F3.10
WBGene00020713,T23B3.5
WBGene00020715,nspd-4
WBGene00020716,phf-30
WBGene00020717,mrpl-4
WBGene00020736,T23F2.3
WBGene00020738,T23F2.5
WBGene00020760,T24C4.4
WBGene00020764,T24C12.1
WBGene00020765,T24C12.3
WBGene00020772,T24E12.2
WBGene00020774,T24E12.5
WBGene00020788,nep-22
WBGene00020796,mrpl-28
WBGene00020799,T25D10.1
WBGene00020801,T25D10.4
WBGene00020809,
WBGene00020812,acdh-7
WBGene00020822,T26A5.6
WBGene00020837,slc-36.2
WBGene00020838,trak-1
WBGene00020840,spch-3
WBGene00020842,nmrk-1
WBGene00020847,cgr-1
WBGene00020850,nhr-226
WBGene00020851,nhr-227
WBGene00020865,T27E4.7
WBGene00020868,eif-1
WBGene00020883,fbxa-64
WBGene00020886,ttr-6
WBGene00020887,hic-1
WBGene00020889,T28C12.2
WBGene00020891,cest-24
WBGene00020895,plpp-1.2
WBGene00020901,T28F2.2
WBGene00020902,jmjc-1
WBGene00020905,T28H11.7
WBGene00020909,W01A11.1
WBGene00020921,W01C8.5
WBGene00020931,cytb-5.2
WBGene00020933,W02D3.4
WBGene00020938,clec-218
WBGene00020943,W02D7.8
WBGene00020951,sna-1
WBGene00020954,W02G9.4
WBGene00020962,W02H5.8
WBGene00020967,W03A5.2
WBGene00020981,
WBGene00020994,W03F8.4
WBGene00021000,W03F9.2
WBGene00021015,enu-3.3
WBGene00021018,
WBGene00021021,mrpl-30
WBGene00021024,W04C9.2
WBGene00021026,W04C9.4
WBGene00021032,clec-118
WBGene00021048,W05H9.1
WBGene00021057,W06B4.2
WBGene00021060,dct-11
WBGene00021070,cpr-8
WBGene00021081,pals-33
WBGene00021093,W08F4.3
WBGene00021120,W09G12.6
WBGene00021128,W10C8.5
WBGene00021148,W10G11.19
WBGene00021160,gba-4
WBGene00021167,cyp-32B1
WBGene00021178,Y9C9A.8
WBGene00021190,Y14H12A.1
WBGene00021191,Y14H12B.1
WBGene00021198,npp-26
WBGene00021215,Y18H1A.11
WBGene00021252,cht-4
WBGene00021253,Y22D7AL.15
WBGene00021262,fbxa-74
WBGene00021269,Y23H5A.2
WBGene00021272,Y23H5B.1
WBGene00021274,Y23H5B.3
WBGene00021296,Y25C1A.13
WBGene00021314,Y32H12A.6
WBGene00021321,Y34B4A.5
WBGene00021322,Y34B4A.6
WBGene00021325,Y34B4A.9
WBGene00021331,glrx-10
WBGene00021336,Y34F4.1
WBGene00021339,Y34F4.4
WBGene00021340,Y34F4.5
WBGene00021352,pcyt-2.1
WBGene00021375,Y37E11B.2
WBGene00021397,Y38C1AA.6
WBGene00021401,prdx-6
WBGene00021427,sec-61.B
WBGene00021430,Y38F2AR.12
WBGene00021454,Y39F10A.3
WBGene00021487,comt-3
WBGene00021491,comt-4
WBGene00021495,sqst-2
WBGene00021500,Y40C7B.4
WBGene00021517,Y41D4B.15
WBGene00021518,hpo-6
WBGene00021519,Y41D4B.17
WBGene00021525,Y41D4B.26
WBGene00021531,Y42G9A.1
WBGene00021557,Y45G5AM.5
WBGene00021565,Y45G12C.1
WBGene00021566,Y45G12C.3
WBGene00021576,fbxc-51
WBGene00021580,clec-174
WBGene00021582,clec-71
WBGene00021583,clec-72
WBGene00021589,Y46D2A.1
WBGene00021590,Y46D2A.2
WBGene00021603,clec-204
WBGene00021605,Y46H3C.5
WBGene00021635,Y47G6A.5
WBGene00021660,nol-14
WBGene00021719,fbxb-104
WBGene00021726,bath-10
WBGene00021746,
WBGene00021758,Y50D7A.10
WBGene00021768,Y51F10.7
WBGene00021772,math-45
WBGene00021796,Y52E8A.3
WBGene00021814,Y53G8AR.7
WBGene00021817,Y53G8B.1
WBGene00021852,Y54F10AM.8
WBGene00021869,vrp-1
WBGene00021870,samt-1
WBGene00021872,clec-85
WBGene00021879,clec-83
WBGene00021895,clec-84
WBGene00021910,stim-1
WBGene00021915,Y55D5A.1
WBGene00021928,Y55F3AM.11
WBGene00021973,emc-2
WBGene00021983,npr-5
WBGene00022039,Y65B4BL.7
WBGene00022045,mrpl-55
WBGene00022047,Y66H1A.5
WBGene00022125,Y71F9B.1
WBGene00022130,Y71F9B.9
WBGene00022142,Y71G12B.2
WBGene00022156,Y71G12B.18
WBGene00022177,Y71H2AM.12
WBGene00022178,cest-25
WBGene00022179,Y71H2AM.14
WBGene00022188,Y71H2AR.1
WBGene00022196,gpa-17
WBGene00022200,fard-1
WBGene00022206,Y73B3A.4
WBGene00022245,acp-6
WBGene00022252,Y73B6BL.31
WBGene00022261,clec-210
WBGene00022276,nlp-40
WBGene00022309,rpc-11
WBGene00022326,fbxa-14
WBGene00022329,fbxa-79
WBGene00022330,fbxa-80
WBGene00022331,fbxa-19
WBGene00022337,pals-16
WBGene00022338,Y82E9BR.5
WBGene00022346,pals-17
WBGene00022353,pals-18
WBGene00022357,kbp-4
WBGene00022370,
WBGene00022378,Y94H6A.5
WBGene00022411,Y102A11A.1
WBGene00022412,Y102A11A.2
WBGene00022413,Y102A11A.3
WBGene00022415,Y102A11A.5
WBGene00022441,Y110A2AL.4
WBGene00022474,zig-9
WBGene00022486,fbxa-61
WBGene00022487,fbxa-21
WBGene00022490,Y119D3B.13
WBGene00022497,Y119D3B.21
WBGene00022507,ZC21.8
WBGene00022515,ttr-48
WBGene00022516,mtx-2
WBGene00022546,ZC196.2
WBGene00022549,ZC196.5
WBGene00022554,duxl-1
WBGene00022562,ZC204.12
WBGene00022571,ZC239.13
WBGene00022573,ZC239.15
WBGene00022574,ZC239.16
WBGene00022575,ZC239.17
WBGene00022579,ZC262.2
WBGene00022582,ZC262.5
WBGene00022592,klu-2
WBGene00022597,ZC395.5
WBGene00022599,daf-41
WBGene00022610,ltah-1.2
WBGene00022621,ZC477.7
WBGene00022642,lipl-5
WBGene00022644,dod-19
WBGene00022645,ZK6.11
WBGene00022665,ZK154.1
WBGene00022678,sar-1
WBGene00022682,ZK185.2
WBGene00022683,ZK185.3
WBGene00022734,ZK418.5
WBGene00022736,ZK418.7
WBGene00022745,ZK470.2
WBGene00022754,nspd-1
WBGene00022759,ZK546.2
WBGene00022765,ZK546.14
WBGene00022769,sorf-1
WBGene00022783,tomm-7
WBGene00022791,ZK686.1
WBGene00022793,ZK686.3
WBGene00022794,snu-23
WBGene00022798,fahd-1
WBGene00022813,ZK742.3
WBGene00022827,ZK816.4
WBGene00022848,ZK1055.7
WBGene00022850,ZK1127.3
WBGene00022851,ZK1127.4
WBGene00022853,
WBGene00022857,ZK1127.12
WBGene00022861,dve-1
WBGene00022864,ZK1236.5
WBGene00022867,ZK1240.2
WBGene00022868,ZK1240.3
WBGene00022881,ZK1248.11
WBGene00022885,ZK1248.19
WBGene00022887,ZK1290.5
WBGene00022888,rnh-1.1
WBGene00022891,ZK1290.10
WBGene00022893,ZK1290.13
WBGene00023407,cex-1
WBGene00023419,F53F4.16
WBGene00023432,K12B6.9
WBGene00023483,Y75B8A.39
WBGene00023485,ttr-49
WBGene00023487,mrps-24
WBGene00023489,F42A10.9
WBGene00023503,F17C11.13
WBGene00043062,clec-80
WBGene00043147,nspd-6
WBGene00043302,F32D8.11
WBGene00043952,ZC404.2
WBGene00043983,C39D10.11
WBGene00044026,cisd-1
WBGene00044034,Y38E10A.28
WBGene00044063,bpnt-1
WBGene00044065,tag-229
WBGene00044073,tag-244
WBGene00044083,tin-9.2
WBGene00044107,F58G6.9
WBGene00044120,C36B1.13
WBGene00044144,M153.4
WBGene00044160,W10C6.2
WBGene00044163,F49C5.11
WBGene00044166,C54C6.7
WBGene00044206,T26H5.9
WBGene00044207,Y6G8.5
WBGene00044241,C53D6.11
WBGene00044280,W02A2.9
WBGene00044287,F21H12.7
WBGene00044291,C25F9.10
WBGene00044296,F10C1.9
WBGene00044321,mrps-30
WBGene00044332,clec-36
WBGene00044382,Y14H12A.2
WBGene00044387,C27A2.8
WBGene00044396,ZK1290.14
WBGene00044399,
WBGene00044403,fbxa-219
WBGene00044414,C06A5.12
WBGene00044429,T07H3.7
WBGene00044457,C18H7.11
WBGene00044463,W09G12.10
WBGene00044468,Y69A2AL.2
WBGene00044481,ZK185.5
WBGene00044488,Y54G2A.45
WBGene00044500,T19E7.6
WBGene00044515,
WBGene00044527,Y39H10B.2
WBGene00044564,ZK813.6
WBGene00044637,rft-1
WBGene00044644,B0205.13
WBGene00044645,Y51H7BR.8
WBGene00044654,fbxa-85
WBGene00044663,F26G1.10
WBGene00044672,fbxa-4
WBGene00044681,T24C4.8
WBGene00044692,fbxb-91
WBGene00044696,F52E1.14
WBGene00044712,
WBGene00044723,K11H12.11
WBGene00044757,Y55F3BR.11
WBGene00044761,pals-19
WBGene00044770,C53C11.5
WBGene00044776,T02B11.8
WBGene00044783,T26H5.10
WBGene00044792,F59C6.14
WBGene00044797,F13E9.13
WBGene00044901,Y41G9A.10
WBGene00044977,F56C4.4
WBGene00044990,T25B9.11
WBGene00044991,T25B9.12
WBGene00045048,D1007.19
WBGene00045052,K12C11.6
WBGene00045053,K12C11.7
WBGene00045067,F07C6.6
WBGene00045183,T28C6.10
WBGene00045190,R01H2.8
WBGene00045212,Y110A7A.21
WBGene00045245,ttr-34
WBGene00045252,Y62H9A.15
WBGene00045275,F18E3.12
WBGene00045276,F18E3.13
WBGene00045305,ZC250.4
WBGene00045365,ZC449.7
WBGene00045392,F26D11.12
WBGene00045397,Y54G2A.52
WBGene00045400,C54D10.13
WBGene00045416,Y37H2A.14
WBGene00045455,F26G1.11
WBGene00045458,F17B5.8
WBGene00045461,C25F9.14
WBGene00045480,F14F3.5
WBGene00045507,F10A3.17
WBGene00050885,Y94H6A.12
WBGene00050904,Y70C5A.3
WBGene00050906,F20E11.17
WBGene00050957,C10A4.10
WBGene00077525,C41G7.8
WBGene00077546,C01A2.9
WBGene00077559,R05D7.7
WBGene00077593,C49G7.12
WBGene00077684,Y26D4A.21
WBGene00077690,mtp-18
WBGene00077728,T23G11.11
WBGene00077764,F59C6.16
WBGene00077768,K04G2.12
WBGene00138711,R07B1.13
WBGene00185119,
WBGene00194917,Y45F10B.59
WBGene00195011,ZK180.8
