chrI	3689	4222	.	691	.
chrI	11042	11533	.	656	.
chrI	16768	17247	.	1000	.
chrI	461492	461956	.	1000	.
chrI	518137	518818	.	1000	.
chrI	535202	535747	.	577	.
chrI	536639	537108	.	1000	.
chrI	879639	880179	.	640	.
chrI	881418	881886	.	1000	.
chrI	882660	883181	.	714	.
chrI	986617	987081	.	897	.
chrI	1014915	1015394	.	1000	.
chrI	1017205	1017783	.	1000	.
chrI	1066963	1067427	.	819	.
chrI	1335099	1335566	.	581	.
chrI	1346064	1346773	.	954	.
chrI	1446801	1447476	.	778	.
chrI	1835363	1835842	.	1000	.
chrI	1836680	1837345	.	1000	.
chrI	1844806	1845363	.	544	.
chrI	1873712	1874226	.	863	.
chrI	1911405	1912118	.	923	.
chrI	1913800	1914285	.	1000	.
chrI	1919145	1919617	.	595	.
chrI	1958291	1959012	.	828	.
chrI	2011051	2011742	.	542	.
chrI	2019300	2020371	.	1000	.
chrI	2076812	2077484	.	833	.
chrI	2084772	2085561	.	1000	.
chrI	2119173	2119713	.	551	.
chrI	2247572	2248047	.	892	.
chrI	2253565	2254502	.	726	.
chrI	2290979	2291699	.	787	.
chrI	2409870	2410364	.	563	.
chrI	2514108	2514620	.	920	.
chrI	2586082	2586875	.	1000	.
chrI	2587515	2587980	.	1000	.
chrI	2639534	2640195	.	950	.
chrI	2665721	2666191	.	958	.
chrI	2670421	2670909	.	655	.
chrI	2686199	2686678	.	727	.
chrI	2688683	2689669	.	935	.
chrI	2690413	2690597	.	1000	.
chrI	2835162	2835703	.	591	.
chrI	2848362	2848863	.	848	.
chrI	3113531	3114056	.	1000	.
chrI	3118949	3119613	.	1000	.
chrI	3121993	3122175	.	1000	.
chrI	3129563	3130033	.	840	.
chrI	3296958	3297422	.	712	.
chrI	3306407	3307227	.	606	.
chrI	3309563	3310029	.	839	.
chrI	3638744	3639473	.	691	.
chrI	3672559	3673049	.	1000	.
chrI	3679886	3680350	.	979	.
chrI	3682042	3682277	.	1000	.
chrI	3710565	3711031	.	1000	.
chrI	3721490	3722174	.	1000	.
chrI	3826325	3826991	.	926	.
chrI	3829884	3831055	.	936	.
chrI	3833955	3834620	.	870	.
chrI	3987080	3987545	.	655	.
chrI	4073483	4073964	.	917	.
chrI	4099505	4100170	.	1000	.
chrI	4155504	4155968	.	1000	.
chrI	4158011	4158498	.	1000	.
chrI	4161002	4161489	.	685	.
chrI	4172034	4172606	.	1000	.
chrI	4178432	4179111	.	1000	.
chrI	4434583	4435058	.	1000	.
chrI	4436721	4437185	.	1000	.
chrI	4437829	4438298	.	1000	.
chrI	4516931	4517399	.	1000	.
chrI	4535850	4536318	.	609	.
chrI	4593277	4593789	.	634	.
chrI	4597529	4598053	.	907	.
chrI	4602785	4603545	.	988	.
chrI	4636302	4636771	.	813	.
chrI	4699009	4699702	.	629	.
chrI	4701154	4701823	.	1000	.
chrI	4720926	4721610	.	1000	.
chrI	4745125	4745896	.	570	.
chrI	4804619	4805086	.	886	.
chrI	4914172	4914637	.	691	.
chrI	4916098	4916589	.	669	.
chrI	5024908	5025685	.	1000	.
chrI	5031032	5031535	.	933	.
chrI	5033345	5033523	.	1000	.
chrI	5034301	5035012	.	873	.
chrI	5035593	5036076	.	583	.
chrI	5037183	5037655	.	766	.
chrI	5187137	5187633	.	630	.
chrI	5287168	5287633	.	872	.
chrI	5308066	5308605	.	764	.
chrI	5309612	5310130	.	593	.
chrI	5311519	5312186	.	574	.
chrI	5312856	5313517	.	1000	.
chrI	5316126	5316820	.	1000	.
chrI	5353865	5354437	.	608	.
chrI	5382479	5383150	.	716	.
chrI	5384018	5384485	.	822	.
chrI	5386474	5387178	.	873	.
chrI	5388442	5388906	.	1000	.
chrI	5408302	5408766	.	1000	.
chrI	5415469	5416296	.	709	.
chrI	5429740	5430250	.	930	.
chrI	5431214	5431701	.	1000	.
chrI	5545565	5546044	.	781	.
chrI	5587459	5587947	.	1000	.
chrI	5608834	5609535	.	1000	.
chrI	5677773	5678502	.	1000	.
chrI	5706780	5707249	.	559	.
chrI	5782902	5783407	.	623	.
chrI	5807189	5807768	.	905	.
chrI	5808116	5808580	.	696	.
chrI	6076269	6077068	.	1000	.
chrI	6081312	6081822	.	980	.
chrI	6082581	6083080	.	1000	.
chrI	6092024	6092174	.	1000	.
chrI	6094283	6094851	.	605	.
chrI	6103012	6104204	.	1000	.
chrI	6107594	6108063	.	744	.
chrI	6120427	6120909	.	587	.
chrI	6163317	6163802	.	746	.
chrI	6203667	6204139	.	1000	.
chrI	6210681	6211193	.	815	.
chrI	6212657	6213123	.	952	.
chrI	6283025	6283489	.	1000	.
chrI	6293980	6294556	.	1000	.
chrI	6364708	6365172	.	1000	.
chrI	6366197	6366917	.	1000	.
chrI	6389561	6390025	.	1000	.
chrI	6412408	6412886	.	605	.
chrI	6416763	6417227	.	1000	.
chrI	6418620	6419109	.	1000	.
chrI	6496395	6496940	.	540	.
chrI	6497389	6497932	.	625	.
chrI	6554435	6554912	.	916	.
chrI	6564388	6564855	.	984	.
chrI	6589223	6589696	.	865	.
chrI	6727528	6728230	.	1000	.
chrI	6731668	6732147	.	1000	.
chrI	6736856	6737543	.	1000	.
chrI	6799453	6799920	.	548	.
chrI	6835418	6835882	.	1000	.
chrI	6838009	6838704	.	1000	.
chrI	6863313	6863806	.	612	.
chrI	6942822	6943298	.	737	.
chrI	6963144	6963613	.	1000	.
chrI	6964236	6964759	.	1000	.
chrI	6974083	6974658	.	570	.
chrI	6988261	6988727	.	849	.
chrI	7021229	7021693	.	1000	.
chrI	7054574	7055058	.	1000	.
chrI	7056604	7057344	.	1000	.
chrI	7059138	7059635	.	1000	.
chrI	7079289	7080113	.	1000	.
chrI	7080642	7081980	.	1000	.
chrI	7082738	7083244	.	705	.
chrI	7176674	7177164	.	544	.
chrI	7283590	7284065	.	626	.
chrI	7287717	7288226	.	955	.
chrI	7346513	7347187	.	790	.
chrI	7348532	7349000	.	710	.
chrI	7354128	7354607	.	1000	.
chrI	7355740	7356210	.	1000	.
chrI	7475106	7475827	.	1000	.
chrI	7476871	7477537	.	886	.
chrI	7490062	7490781	.	1000	.
chrI	7491900	7492602	.	1000	.
chrI	7500260	7500724	.	1000	.
chrI	7562160	7562625	.	562	.
chrI	7570984	7571467	.	844	.
chrI	7575343	7575863	.	804	.
chrI	7595547	7596037	.	632	.
chrI	7656586	7657409	.	1000	.
chrI	7658122	7658610	.	784	.
chrI	7659006	7659491	.	1000	.
chrI	7659945	7660688	.	1000	.
chrI	7700855	7701348	.	546	.
chrI	7704357	7705384	.	684	.
chrI	7724542	7725017	.	634	.
chrI	7758045	7758513	.	1000	.
chrI	7762382	7762854	.	1000	.
chrI	7772462	7772926	.	542	.
chrI	7848939	7849459	.	1000	.
chrI	7866957	7867472	.	1000	.
chrI	7872099	7872565	.	603	.
chrI	8010212	8010691	.	619	.
chrI	8024484	8024961	.	650	.
chrI	8133607	8134071	.	715	.
chrI	8218271	8218753	.	1000	.
chrI	8224179	8224683	.	765	.
chrI	8245362	8245866	.	1000	.
chrI	8259296	8259769	.	670	.
chrI	8301972	8302457	.	1000	.
chrI	8304456	8304931	.	861	.
chrI	8392509	8393019	.	546	.
chrI	8426646	8427110	.	1000	.
chrI	8747718	8748827	.	902	.
chrI	8786684	8787402	.	1000	.
chrI	8807899	8808640	.	910	.
chrI	8816340	8816825	.	1000	.
chrI	8852270	8852742	.	794	.
chrI	8863995	8864459	.	1000	.
chrI	8865255	8865941	.	1000	.
chrI	8867480	8867955	.	789	.
chrI	8875978	8876443	.	875	.
chrI	8917050	8917514	.	718	.
chrI	9046909	9047399	.	1000	.
chrI	9055278	9055760	.	970	.
chrI	9057760	9058224	.	1000	.
chrI	9083006	9083532	.	1000	.
chrI	9121418	9122086	.	618	.
chrI	9145382	9145862	.	1000	.
chrI	9163270	9163964	.	1000	.
chrI	9275156	9275626	.	855	.
chrI	9276171	9276650	.	582	.
chrI	9315353	9316119	.	1000	.
chrI	9316870	9317537	.	1000	.
chrI	9327666	9328293	.	1000	.
chrI	9331175	9331722	.	768	.
chrI	9343635	9344310	.	1000	.
chrI	9381099	9381771	.	1000	.
chrI	9382760	9383427	.	1000	.
chrI	9401710	9402182	.	1000	.
chrI	9405262	9405728	.	981	.
chrI	9422154	9422618	.	837	.
chrI	9427496	9427992	.	547	.
chrI	9429317	9430000	.	918	.
chrI	9430830	9431545	.	623	.
chrI	9505596	9506410	.	971	.
chrI	9605509	9606027	.	614	.
chrI	9619750	9620250	.	1000	.
chrI	9625821	9626299	.	1000	.
chrI	9669013	9669506	.	1000	.
chrI	9671770	9672237	.	1000	.
chrI	9722076	9722741	.	923	.
chrI	9738300	9738773	.	854	.
chrI	9790007	9791199	.	1000	.
chrI	9869051	9869526	.	781	.
chrI	9882075	9882748	.	1000	.
chrI	9883449	9883927	.	558	.
chrI	9934287	9935044	.	586	.
chrI	9938327	9938791	.	1000	.
chrI	9979677	9980145	.	1000	.
chrI	10032422	10032923	.	823	.
chrI	10035824	10036495	.	1000	.
chrI	10036630	10037094	.	605	.
chrI	10062884	10063552	.	1000	.
chrI	10104774	10105262	.	631	.
chrI	10381862	10382326	.	1000	.
chrI	10392251	10392723	.	548	.
chrI	10400546	10401228	.	1000	.
chrI	10408843	10409313	.	543	.
chrI	10409486	10410209	.	1000	.
chrI	10516965	10517437	.	1000	.
chrI	10532592	10532735	.	1000	.
chrI	10553683	10554428	.	1000	.
chrI	10562247	10562947	.	1000	.
chrI	10564998	10565702	.	1000	.
chrI	10757837	10759058	.	1000	.
chrI	10777286	10777844	.	1000	.
chrI	10807396	10807718	.	1000	.
chrI	11182292	11182756	.	771	.
chrI	11247641	11248304	.	602	.
chrI	11249681	11250192	.	1000	.
chrI	11374229	11374896	.	1000	.
chrI	11517085	11517558	.	599	.
chrI	11674181	11674665	.	1000	.
chrI	11870020	11870489	.	1000	.
chrI	11929919	11930383	.	1000	.
chrI	11996091	11996754	.	889	.
chrI	12039635	12040304	.	629	.
chrI	12112314	12112815	.	1000	.
chrI	12184782	12185261	.	893	.
chrI	12504799	12505289	.	785	.
chrI	12505778	12506269	.	721	.
chrI	12522015	12522483	.	576	.
chrI	12544888	12545405	.	1000	.
chrI	12551017	12551481	.	682	.
chrI	12554223	12554755	.	562	.
chrI	12572211	12572683	.	802	.
chrI	12652018	12652491	.	1000	.
chrI	12654409	12655080	.	1000	.
chrI	12849900	12850381	.	651	.
chrI	12919935	12920438	.	653	.
chrI	12937652	12938326	.	1000	.
chrI	12949678	12950146	.	1000	.
chrI	12966676	12967136	.	1000	.
chrI	13031007	13031670	.	1000	.
chrI	13036375	13036845	.	609	.
chrI	13103971	13104448	.	866	.
chrI	13138731	13139196	.	1000	.
chrI	13144583	13145362	.	898	.
chrI	13297584	13298321	.	1000	.
chrI	13369705	13370444	.	1000	.
chrI	13381340	13381824	.	782	.
chrI	13420923	13421598	.	1000	.
chrI	13463704	13464380	.	1000	.
chrI	13547183	13547877	.	1000	.
chrI	13561928	13562426	.	615	.
chrI	13663142	13663608	.	1000	.
chrI	13756336	13756800	.	1000	.
chrI	13796990	13797509	.	591	.
chrI	13815718	13816390	.	1000	.
chrI	14051719	14052205	.	1000	.
chrI	14058717	14059182	.	1000	.
chrI	14074253	14074981	.	906	.
chrI	14075508	14075974	.	867	.
chrI	14113084	14113551	.	640	.
chrI	14421898	14422575	.	798	.
chrI	14469111	14469585	.	831	.
chrI	14657035	14657502	.	882	.
chrI	14691995	14692459	.	695	.
chrI	14756529	14757121	.	542	.
chrI	14931519	14932269	.	872	.
chrII	122340	122804	.	543	.
chrII	155885	156382	.	1000	.
chrII	162170	162639	.	1000	.
chrII	216574	217038	.	847	.
chrII	239981	240457	.	689	.
chrII	410818	411291	.	1000	.
chrII	764339	764834	.	893	.
chrII	880564	881031	.	973	.
chrII	884172	884636	.	554	.
chrII	887994	888459	.	852	.
chrII	900691	901371	.	1000	.
chrII	915250	915594	.	1000	.
chrII	920248	920733	.	876	.
chrII	922884	923040	.	1000	.
chrII	943715	944392	.	1000	.
chrII	1056875	1057467	.	1000	.
chrII	1101374	1101838	.	1000	.
chrII	1103734	1104038	.	1000	.
chrII	1110978	1111473	.	609	.
chrII	1140625	1141353	.	1000	.
chrII	1143313	1143804	.	761	.
chrII	1159657	1160121	.	1000	.
chrII	1171922	1172648	.	635	.
chrII	1246848	1247519	.	927	.
chrII	1320374	1320857	.	1000	.
chrII	1386437	1386912	.	1000	.
chrII	1475295	1475961	.	1000	.
chrII	1503585	1504050	.	983	.
chrII	1576720	1577214	.	786	.
chrII	1579898	1580576	.	1000	.
chrII	1597632	1598130	.	659	.
chrII	1607543	1608007	.	624	.
chrII	1608811	1609377	.	1000	.
chrII	1621752	1622244	.	1000	.
chrII	1635986	1636450	.	1000	.
chrII	1659714	1660183	.	701	.
chrII	1670161	1670860	.	1000	.
chrII	1728232	1728696	.	1000	.
chrII	1820012	1820254	.	1000	.
chrII	1830143	1830635	.	662	.
chrII	1836020	1836512	.	559	.
chrII	1842996	1843182	.	1000	.
chrII	1850764	1851428	.	1000	.
chrII	1851749	1852079	.	1000	.
chrII	1865443	1866113	.	653	.
chrII	1870865	1871406	.	543	.
chrII	1939772	1940254	.	674	.
chrII	1949196	1949444	.	1000	.
chrII	1995678	1996162	.	1000	.
chrII	2090598	2091062	.	1000	.
chrII	2102144	2102608	.	544	.
chrII	2152440	2153267	.	775	.
chrII	2305468	2305960	.	814	.
chrII	2323079	2323555	.	677	.
chrII	2335546	2336224	.	958	.
chrII	2378365	2379059	.	1000	.
chrII	2415406	2415888	.	620	.
chrII	2420571	2421615	.	1000	.
chrII	2441610	2442627	.	661	.
chrII	2503655	2504168	.	926	.
chrII	2586943	2587407	.	1000	.
chrII	2610072	2610532	.	1000	.
chrII	2677471	2677947	.	1000	.
chrII	2749567	2750035	.	686	.
chrII	2800781	2801445	.	1000	.
chrII	2802634	2803120	.	1000	.
chrII	2834030	2834517	.	812	.
chrII	2889158	2889656	.	748	.
chrII	2920912	2921617	.	648	.
chrII	2973859	2974324	.	1000	.
chrII	2975506	2975994	.	1000	.
chrII	2991600	2992756	.	1000	.
chrII	3014380	3014850	.	1000	.
chrII	3076883	3077347	.	1000	.
chrII	3245831	3246295	.	1000	.
chrII	3295138	3295821	.	1000	.
chrII	3296630	3297103	.	914	.
chrII	3318784	3319276	.	1000	.
chrII	3439485	3439679	.	1000	.
chrII	3440208	3440680	.	1000	.
chrII	3482118	3482652	.	623	.
chrII	3502568	3503064	.	801	.
chrII	3518983	3519447	.	554	.
chrII	3547716	3548184	.	630	.
chrII	3553333	3553846	.	619	.
chrII	3661861	3662338	.	802	.
chrII	3685398	3685878	.	553	.
chrII	3786557	3786905	.	1000	.
chrII	3788291	3788834	.	951	.
chrII	3808057	3808529	.	1000	.
chrII	3810432	3810976	.	1000	.
chrII	3815797	3816261	.	1000	.
chrII	3911205	3911669	.	1000	.
chrII	3954000	3954671	.	1000	.
chrII	3958594	3959271	.	1000	.
chrII	3989906	3990428	.	1000	.
chrII	3990670	3991144	.	957	.
chrII	3991979	3993305	.	1000	.
chrII	4011503	4011967	.	1000	.
chrII	4044298	4044785	.	956	.
chrII	4089275	4089739	.	1000	.
chrII	4090745	4091460	.	777	.
chrII	4194085	4194803	.	1000	.
chrII	4203868	4204049	.	1000	.
chrII	4237873	4238458	.	754	.
chrII	4299325	4299549	.	1000	.
chrII	4307281	4307745	.	566	.
chrII	4372321	4372856	.	974	.
chrII	4376651	4377310	.	1000	.
chrII	4433147	4433872	.	902	.
chrII	4435058	4435768	.	732	.
chrII	4507609	4508077	.	851	.
chrII	4552036	4552506	.	1000	.
chrII	4598739	4599305	.	1000	.
chrII	4602975	4603456	.	1000	.
chrII	4603815	4604527	.	1000	.
chrII	4657329	4657820	.	1000	.
chrII	4674298	4674828	.	1000	.
chrII	4693026	4693607	.	795	.
chrII	4696544	4697435	.	600	.
chrII	4698206	4699040	.	641	.
chrII	4701229	4702027	.	1000	.
chrII	4715556	4716261	.	620	.
chrII	4718625	4719218	.	668	.
chrII	4726988	4727677	.	669	.
chrII	4728605	4729281	.	1000	.
chrII	4739954	4740459	.	1000	.
chrII	4769067	4769569	.	1000	.
chrII	4769969	4770201	.	1000	.
chrII	4776870	4777334	.	1000	.
chrII	4791226	4791695	.	1000	.
chrII	4801215	4801890	.	846	.
chrII	4802872	4803350	.	1000	.
chrII	4851581	4852075	.	1000	.
chrII	4857062	4857746	.	1000	.
chrII	4879636	4880104	.	775	.
chrII	4881665	4882130	.	1000	.
chrII	4889156	4889935	.	671	.
chrII	4891364	4891853	.	611	.
chrII	4902071	4902535	.	1000	.
chrII	4911525	4912040	.	565	.
chrII	4919055	4919791	.	765	.
chrII	4920480	4921073	.	617	.
chrII	4925409	4925732	.	1000	.
chrII	4942424	4943220	.	1000	.
chrII	4960698	4961165	.	1000	.
chrII	4966540	4967018	.	1000	.
chrII	4967654	4968138	.	1000	.
chrII	4999104	4999773	.	1000	.
chrII	5017155	5017622	.	1000	.
chrII	5018315	5018981	.	1000	.
chrII	5019425	5020090	.	1000	.
chrII	5020600	5021078	.	1000	.
chrII	5022301	5022991	.	1000	.
chrII	5031982	5033096	.	1000	.
chrII	5055149	5055623	.	1000	.
chrII	5057305	5057769	.	1000	.
chrII	5061702	5062425	.	593	.
chrII	5081192	5081896	.	1000	.
chrII	5086090	5086554	.	1000	.
chrII	5092415	5093151	.	1000	.
chrII	5104028	5104517	.	1000	.
chrII	5104770	5105495	.	1000	.
chrII	5109611	5110081	.	1000	.
chrII	5142088	5142552	.	1000	.
chrII	5178543	5179696	.	1000	.
chrII	5180899	5182034	.	1000	.
chrII	5182387	5182851	.	1000	.
chrII	5185235	5185412	.	1000	.
chrII	5186145	5186418	.	1000	.
chrII	5186781	5187451	.	1000	.
chrII	5191730	5192397	.	1000	.
chrII	5201987	5202555	.	1000	.
chrII	5202991	5204055	.	1000	.
chrII	5227783	5228258	.	1000	.
chrII	5234704	5235370	.	1000	.
chrII	5264669	5265133	.	561	.
chrII	5277887	5278354	.	697	.
chrII	5279021	5279488	.	589	.
chrII	5282228	5282975	.	1000	.
chrII	5292050	5292546	.	564	.
chrII	5307142	5308225	.	1000	.
chrII	5319973	5320721	.	1000	.
chrII	5321749	5322414	.	1000	.
chrII	5323918	5324137	.	1000	.
chrII	5330109	5330855	.	1000	.
chrII	5332298	5332966	.	1000	.
chrII	5337161	5337934	.	1000	.
chrII	5338222	5338695	.	1000	.
chrII	5346288	5346757	.	541	.
chrII	5373388	5373853	.	1000	.
chrII	5389905	5390579	.	1000	.
chrII	5426017	5426755	.	1000	.
chrII	5503764	5504570	.	582	.
chrII	5512531	5513129	.	1000	.
chrII	5515363	5515871	.	569	.
chrII	5543418	5543660	.	1000	.
chrII	5543686	5543853	.	1000	.
chrII	5544086	5544570	.	1000	.
chrII	5552456	5553147	.	707	.
chrII	5553630	5553814	.	1000	.
chrII	5555480	5555947	.	760	.
chrII	5557218	5557482	.	1000	.
chrII	5561362	5561839	.	1000	.
chrII	5572012	5572557	.	734	.
chrII	5576980	5577549	.	712	.
chrII	5585885	5586128	.	1000	.
chrII	5599463	5600186	.	1000	.
chrII	5605583	5606047	.	1000	.
chrII	5660862	5662127	.	1000	.
chrII	5689551	5690015	.	592	.
chrII	5698245	5698915	.	690	.
chrII	5701390	5701860	.	1000	.
chrII	5744295	5744767	.	1000	.
chrII	5747352	5747816	.	1000	.
chrII	5748489	5748711	.	1000	.
chrII	5749713	5750177	.	1000	.
chrII	5751320	5751790	.	1000	.
chrII	5781918	5782407	.	1000	.
chrII	5806493	5806965	.	915	.
chrII	5829894	5830580	.	941	.
chrII	5836484	5837049	.	596	.
chrII	5844662	5845262	.	1000	.
chrII	5865413	5866323	.	1000	.
chrII	5872354	5872824	.	793	.
chrII	5886049	5886513	.	814	.
chrII	5912104	5912584	.	965	.
chrII	5913941	5914451	.	779	.
chrII	5932306	5932777	.	1000	.
chrII	5935950	5936636	.	1000	.
chrII	6025583	6026089	.	1000	.
chrII	6026726	6026994	.	1000	.
chrII	6047637	6048358	.	1000	.
chrII	6061447	6061919	.	733	.
chrII	6123005	6123469	.	1000	.
chrII	6177914	6178388	.	1000	.
chrII	6282977	6283682	.	1000	.
chrII	6327293	6327959	.	1000	.
chrII	6328787	6329007	.	1000	.
chrII	6331441	6331938	.	766	.
chrII	6346489	6347161	.	1000	.
chrII	6347416	6348093	.	1000	.
chrII	6348361	6348836	.	1000	.
chrII	6360727	6361499	.	671	.
chrII	6370114	6370597	.	854	.
chrII	6374527	6375270	.	1000	.
chrII	6377289	6377833	.	664	.
chrII	6382608	6383312	.	1000	.
chrII	6403227	6403898	.	573	.
chrII	6413692	6414361	.	1000	.
chrII	6520020	6520503	.	566	.
chrII	6587178	6587876	.	932	.
chrII	6588831	6589333	.	1000	.
chrII	6609414	6610117	.	647	.
chrII	6612513	6612977	.	696	.
chrII	6615215	6615704	.	1000	.
chrII	6616075	6616549	.	1000	.
chrII	6630754	6631231	.	1000	.
chrII	6631939	6632466	.	862	.
chrII	6661081	6661836	.	927	.
chrII	6665810	6666352	.	665	.
chrII	6673889	6674387	.	934	.
chrII	6701440	6702103	.	1000	.
chrII	6781135	6781621	.	946	.
chrII	6821799	6822274	.	688	.
chrII	6822365	6822928	.	711	.
chrII	6833740	6834510	.	953	.
chrII	6836719	6837418	.	1000	.
chrII	6838839	6839553	.	706	.
chrII	6842587	6843257	.	1000	.
chrII	6847968	6848484	.	870	.
chrII	6883632	6884100	.	556	.
chrII	6888210	6888938	.	637	.
chrII	6890321	6891445	.	852	.
chrII	6891793	6892257	.	752	.
chrII	6909551	6910015	.	683	.
chrII	6913245	6913722	.	1000	.
chrII	6918808	6919917	.	904	.
chrII	6926480	6927163	.	850	.
chrII	6928327	6928848	.	549	.
chrII	6951350	6952016	.	1000	.
chrII	6967939	6968753	.	1000	.
chrII	7022299	7022771	.	856	.
chrII	7031243	7031710	.	716	.
chrII	7059232	7059729	.	1000	.
chrII	7060076	7060567	.	1000	.
chrII	7139041	7139516	.	824	.
chrII	7151935	7152401	.	1000	.
chrII	7157354	7158031	.	1000	.
chrII	7183886	7184361	.	601	.
chrII	7199960	7200427	.	996	.
chrII	7232434	7232929	.	643	.
chrII	7237011	7237750	.	788	.
chrII	7238203	7238671	.	1000	.
chrII	7252018	7252644	.	572	.
chrII	7255608	7256078	.	1000	.
chrII	7264633	7265124	.	1000	.
chrII	7273538	7274002	.	1000	.
chrII	7277255	7277721	.	1000	.
chrII	7287673	7288164	.	661	.
chrII	7289960	7290458	.	913	.
chrII	7337440	7337931	.	1000	.
chrII	7338288	7338974	.	860	.
chrII	7420739	7421253	.	687	.
chrII	7478825	7479290	.	559	.
chrII	7528187	7528651	.	1000	.
chrII	7528990	7529666	.	1000	.
chrII	7554807	7555294	.	1000	.
chrII	7638988	7639482	.	845	.
chrII	7695608	7696072	.	1000	.
chrII	7705048	7705543	.	753	.
chrII	7708346	7709010	.	597	.
chrII	7756921	7757688	.	591	.
chrII	7776649	7777160	.	818	.
chrII	7777270	7777734	.	1000	.
chrII	7777957	7779418	.	864	.
chrII	7808896	7809574	.	1000	.
chrII	7816340	7816820	.	577	.
chrII	7892145	7892862	.	1000	.
chrII	7944416	7945603	.	1000	.
chrII	8001416	8002086	.	952	.
chrII	8012027	8012693	.	646	.
chrII	8016489	8017160	.	1000	.
chrII	8062389	8062902	.	560	.
chrII	8071132	8071679	.	555	.
chrII	8073166	8073660	.	831	.
chrII	8078061	8078747	.	739	.
chrII	8091470	8091966	.	1000	.
chrII	8106970	8107542	.	709	.
chrII	8127128	8127790	.	1000	.
chrII	8184970	8185454	.	1000	.
chrII	8226422	8226924	.	1000	.
chrII	8266492	8266987	.	880	.
chrII	8382925	8383217	.	1000	.
chrII	8384237	8384703	.	876	.
chrII	8388267	8388493	.	1000	.
chrII	8399937	8400401	.	708	.
chrII	8417136	8417831	.	773	.
chrII	8480913	8481615	.	556	.
chrII	8484591	8485253	.	1000	.
chrII	8485524	8486026	.	1000	.
chrII	8514687	8515168	.	1000	.
chrII	8515421	8515885	.	652	.
chrII	8561192	8561670	.	1000	.
chrII	8566103	8567258	.	1000	.
chrII	8625100	8625580	.	1000	.
chrII	8679701	8680431	.	857	.
chrII	8738380	8739441	.	1000	.
chrII	8740262	8740726	.	1000	.
chrII	8743248	8743926	.	1000	.
chrII	8769915	8770398	.	557	.
chrII	8787328	8787847	.	625	.
chrII	8789800	8790503	.	663	.
chrII	8969188	8970224	.	1000	.
chrII	9009935	9010402	.	1000	.
chrII	9060304	9060793	.	577	.
chrII	9117881	9118394	.	1000	.
chrII	9128029	9128700	.	993	.
chrII	9157075	9157564	.	1000	.
chrII	9196304	9196776	.	573	.
chrII	9198026	9198604	.	599	.
chrII	9231175	9231640	.	653	.
chrII	9282751	9283302	.	1000	.
chrII	9291594	9292058	.	1000	.
chrII	9301033	9301497	.	1000	.
chrII	9412040	9412565	.	638	.
chrII	9468375	9469073	.	1000	.
chrII	9470014	9470688	.	695	.
chrII	9483207	9484012	.	1000	.
chrII	9487480	9488202	.	1000	.
chrII	9501016	9501512	.	1000	.
chrII	9501899	9502559	.	1000	.
chrII	9591049	9591514	.	1000	.
chrII	9597660	9598132	.	550	.
chrII	9600307	9600833	.	729	.
chrII	9603394	9603862	.	1000	.
chrII	9606451	9607569	.	1000	.
chrII	9619307	9619994	.	1000	.
chrII	9656173	9656642	.	1000	.
chrII	9770065	9770538	.	632	.
chrII	9787337	9787805	.	908	.
chrII	9791286	9791485	.	1000	.
chrII	9807519	9808005	.	650	.
chrII	9931422	9932081	.	833	.
chrII	9934982	9936338	.	1000	.
chrII	9974185	9974656	.	1000	.
chrII	9974891	9975360	.	1000	.
chrII	10000951	10001455	.	1000	.
chrII	10094159	10094675	.	588	.
chrII	10134238	10134736	.	1000	.
chrII	10139110	10139631	.	990	.
chrII	10221527	10222036	.	633	.
chrII	10281619	10282089	.	820	.
chrII	10389782	10390480	.	1000	.
chrII	10402966	10403460	.	1000	.
chrII	10443772	10444359	.	774	.
chrII	10446221	10446702	.	960	.
chrII	10447327	10447795	.	753	.
chrII	10485632	10486296	.	660	.
chrII	10543374	10544628	.	842	.
chrII	10548170	10549663	.	1000	.
chrII	10550771	10551476	.	647	.
chrII	10551978	10553003	.	1000	.
chrII	10555279	10555826	.	665	.
chrII	10559400	10560206	.	1000	.
chrII	10563333	10563807	.	1000	.
chrII	10594765	10595248	.	1000	.
chrII	10627073	10627587	.	1000	.
chrII	10840007	10840474	.	590	.
chrII	10851082	10851773	.	613	.
chrII	10861721	10862185	.	1000	.
chrII	10868736	10869202	.	978	.
chrII	10924594	10925088	.	1000	.
chrII	10925548	10926254	.	551	.
chrII	10949349	10949815	.	563	.
chrII	11149786	11150307	.	1000	.
chrII	11151064	11151598	.	1000	.
chrII	11153668	11154191	.	668	.
chrII	11156098	11156588	.	649	.
chrII	11167064	11167531	.	782	.
chrII	11223969	11224441	.	1000	.
chrII	11334186	11334656	.	639	.
chrII	11345574	11346050	.	1000	.
chrII	11376635	11377119	.	637	.
chrII	11418448	11418913	.	827	.
chrII	11423950	11424487	.	801	.
chrII	11452997	11453461	.	948	.
chrII	11469573	11470093	.	580	.
chrII	11484602	11485069	.	694	.
chrII	11491583	11492283	.	861	.
chrII	11534777	11535263	.	674	.
chrII	11545264	11546009	.	886	.
chrII	11604495	11605031	.	873	.
chrII	11611355	11612393	.	1000	.
chrII	11619233	11620285	.	1000	.
chrII	11635335	11636167	.	750	.
chrII	11636448	11637272	.	946	.
chrII	11646792	11647271	.	961	.
chrII	11728392	11729073	.	1000	.
chrII	11739172	11739653	.	1000	.
chrII	11749729	11750393	.	1000	.
chrII	11759203	11759667	.	542	.
chrII	11797147	11797632	.	1000	.
chrII	11836777	11837252	.	1000	.
chrII	11859809	11860309	.	999	.
chrII	11966604	11967072	.	587	.
chrII	11967447	11967923	.	994	.
chrII	11976103	11976773	.	561	.
chrII	11979755	11980553	.	1000	.
chrII	12040051	12040515	.	547	.
chrII	12079980	12080784	.	1000	.
chrII	12185694	12186159	.	1000	.
chrII	12186675	12187150	.	618	.
chrII	12425793	12426257	.	1000	.
chrII	12577753	12578232	.	934	.
chrII	12678025	12678700	.	1000	.
chrII	12768216	12768683	.	962	.
chrII	12787898	12788576	.	801	.
chrII	12795955	12796685	.	1000	.
chrII	12798709	12799217	.	1000	.
chrII	12816528	12817188	.	717	.
chrII	12823453	12823917	.	768	.
chrII	12878600	12879068	.	1000	.
chrII	12879679	12880172	.	697	.
chrII	12895229	12895738	.	818	.
chrII	12931443	12931968	.	546	.
chrII	12944694	12945226	.	1000	.
chrII	12980193	12980862	.	1000	.
chrII	12982122	12982617	.	567	.
chrII	12982794	12983284	.	981	.
chrII	12994012	12994675	.	912	.
chrII	12996125	12996676	.	664	.
chrII	13004159	13005269	.	948	.
chrII	13006186	13006732	.	725	.
chrII	13077817	13078010	.	1000	.
chrII	13078833	13079307	.	1000	.
chrII	13117066	13117538	.	746	.
chrII	13186712	13187743	.	608	.
chrII	13195195	13196172	.	878	.
chrII	13199619	13200278	.	1000	.
chrII	13237804	13238282	.	688	.
chrII	13298488	13298952	.	1000	.
chrII	13299340	13299857	.	1000	.
chrII	13461954	13462439	.	1000	.
chrII	13465200	13465769	.	839	.
chrII	13468065	13468275	.	1000	.
chrII	13469223	13469687	.	1000	.
chrII	13495670	13496141	.	660	.
chrII	13507451	13507919	.	888	.
chrII	13609538	13610075	.	547	.
chrII	13632118	13632845	.	607	.
chrII	13638670	13639176	.	648	.
chrII	13664374	13664858	.	665	.
chrII	13665166	13665630	.	1000	.
chrII	13668838	13669500	.	788	.
chrII	13670862	13671332	.	634	.
chrII	13715662	13716325	.	836	.
chrII	13737663	13738143	.	1000	.
chrII	13780731	13781397	.	1000	.
chrII	13834304	13835186	.	1000	.
chrII	13852541	13853274	.	1000	.
chrII	13860813	13861475	.	1000	.
chrII	13945527	13945993	.	636	.
chrII	13949255	13949914	.	748	.
chrII	13954014	13954533	.	1000	.
chrII	13956498	13956962	.	1000	.
chrII	13957421	13957922	.	727	.
chrII	13980212	13980748	.	1000	.
chrII	13982924	13983404	.	777	.
chrII	13997465	13998131	.	1000	.
chrII	14002084	14002594	.	561	.
chrII	14018200	14018667	.	1000	.
chrII	14039870	14040788	.	1000	.
chrII	14044174	14044649	.	1000	.
chrII	14049079	14049624	.	592	.
chrII	14051378	14051959	.	666	.
chrII	14053183	14053900	.	794	.
chrII	14055672	14056143	.	775	.
chrII	14059749	14060430	.	1000	.
chrII	14154299	14154774	.	816	.
chrII	14251374	14252039	.	785	.
chrII	14296261	14296726	.	1000	.
chrII	14437912	14438575	.	918	.
chrII	14489368	14489832	.	926	.
chrII	14496869	14497333	.	568	.
chrII	14528056	14528729	.	930	.
chrII	14561576	14562049	.	1000	.
chrII	14598328	14598795	.	1000	.
chrII	14604125	14605520	.	1000	.
chrII	14794878	14795357	.	1000	.
chrII	14812600	14813074	.	1000	.
chrII	14822340	14822828	.	883	.
chrII	14959228	14959695	.	1000	.
chrII	15025712	15026204	.	1000	.
chrII	15111279	15111783	.	1000	.
chrII	15165802	15166314	.	608	.
chrII	15190960	15191424	.	938	.
chrII	15193973	15194636	.	842	.
chrII	15251510	15252054	.	1000	.
chrIII	14630	15698	.	1000	.
chrIII	89131	89595	.	625	.
chrIII	139517	139981	.	740	.
chrIII	147606	148146	.	811	.
chrIII	154223	154537	.	1000	.
chrIII	182939	183558	.	615	.
chrIII	349669	350330	.	1000	.
chrIII	354289	355233	.	1000	.
chrIII	535684	536148	.	1000	.
chrIII	558784	559257	.	681	.
chrIII	599141	599932	.	795	.
chrIII	600736	600962	.	1000	.
chrIII	623593	624120	.	787	.
chrIII	783225	783707	.	633	.
chrIII	793541	794022	.	659	.
chrIII	794419	795324	.	628	.
chrIII	832959	833423	.	1000	.
chrIII	833609	834085	.	783	.
chrIII	845377	846116	.	1000	.
chrIII	943443	943957	.	730	.
chrIII	946288	946752	.	932	.
chrIII	955932	956632	.	616	.
chrIII	1002443	1003110	.	1000	.
chrIII	1037127	1037791	.	676	.
chrIII	1080512	1080985	.	925	.
chrIII	1115728	1116209	.	575	.
chrIII	1214593	1215261	.	1000	.
chrIII	1220009	1220543	.	824	.
chrIII	1225068	1225732	.	746	.
chrIII	1279123	1279587	.	1000	.
chrIII	1289094	1289778	.	1000	.
chrIII	1295110	1295588	.	929	.
chrIII	1308189	1308881	.	719	.
chrIII	1315031	1315511	.	540	.
chrIII	1323525	1323989	.	1000	.
chrIII	1331832	1332622	.	656	.
chrIII	1384040	1385128	.	1000	.
chrIII	1389924	1390399	.	1000	.
chrIII	1392879	1393072	.	1000	.
chrIII	1398187	1398976	.	1000	.
chrIII	1401440	1401909	.	1000	.
chrIII	1418653	1419126	.	678	.
chrIII	1419756	1420293	.	803	.
chrIII	1602642	1603108	.	1000	.
chrIII	1616478	1616943	.	725	.
chrIII	1618907	1619394	.	1000	.
chrIII	1680942	1681410	.	1000	.
chrIII	1682276	1682783	.	667	.
chrIII	1859509	1859982	.	1000	.
chrIII	1921046	1921613	.	896	.
chrIII	1925045	1925710	.	1000	.
chrIII	1926015	1926861	.	779	.
chrIII	2050463	2050935	.	939	.
chrIII	2053368	2053832	.	1000	.
chrIII	2089370	2090091	.	733	.
chrIII	2090672	2091138	.	792	.
chrIII	2171409	2172210	.	811	.
chrIII	2211204	2211668	.	803	.
chrIII	2239676	2240180	.	1000	.
chrIII	2252960	2253443	.	700	.
chrIII	2265956	2266449	.	880	.
chrIII	2294714	2295180	.	670	.
chrIII	2418309	2418984	.	1000	.
chrIII	2454920	2455390	.	681	.
chrIII	2507891	2508356	.	1000	.
chrIII	2586195	2586714	.	692	.
chrIII	2597068	2597745	.	790	.
chrIII	2687328	2687824	.	649	.
chrIII	2733596	2734287	.	750	.
chrIII	2739381	2739907	.	1000	.
chrIII	2760729	2761405	.	1000	.
chrIII	2768587	2769070	.	663	.
chrIII	2785757	2786299	.	613	.
chrIII	2870115	2870582	.	1000	.
chrIII	2871452	2872256	.	544	.
chrIII	2875861	2876381	.	1000	.
chrIII	2948675	2949139	.	1000	.
chrIII	3034398	3035071	.	1000	.
chrIII	3116897	3117361	.	1000	.
chrIII	3253817	3254023	.	1000	.
chrIII	3279205	3279679	.	554	.
chrIII	3281835	3282310	.	1000	.
chrIII	3366696	3367252	.	729	.
chrIII	3370110	3370356	.	1000	.
chrIII	3370757	3371254	.	576	.
chrIII	3389318	3390035	.	1000	.
chrIII	3456190	3456659	.	1000	.
chrIII	3460035	3460501	.	1000	.
chrIII	3474989	3476002	.	1000	.
chrIII	3520352	3520860	.	800	.
chrIII	3571478	3571958	.	847	.
chrIII	3630337	3630807	.	1000	.
chrIII	3801315	3801791	.	761	.
chrIII	3834802	3835296	.	1000	.
chrIII	3857922	3858414	.	819	.
chrIII	3862905	3863375	.	942	.
chrIII	3867470	3867674	.	1000	.
chrIII	3875547	3876211	.	942	.
chrIII	3876478	3876969	.	540	.
chrIII	3951990	3952695	.	892	.
chrIII	3979917	3980639	.	1000	.
chrIII	4004152	4004637	.	1000	.
chrIII	4150896	4151394	.	693	.
chrIII	4170966	4171666	.	885	.
chrIII	4193553	4194033	.	1000	.
chrIII	4194651	4195769	.	1000	.
chrIII	4223611	4224277	.	804	.
chrIII	4237654	4238128	.	1000	.
chrIII	4240137	4240629	.	1000	.
chrIII	4281875	4282650	.	1000	.
chrIII	4284635	4285315	.	1000	.
chrIII	4413094	4413564	.	1000	.
chrIII	4419338	4419858	.	616	.
chrIII	4475429	4475893	.	1000	.
chrIII	4493330	4493834	.	1000	.
chrIII	4494405	4495091	.	1000	.
chrIII	4495627	4496700	.	919	.
chrIII	4506131	4506604	.	1000	.
chrIII	4540613	4541077	.	909	.
chrIII	4649207	4649890	.	1000	.
chrIII	4650041	4650523	.	620	.
chrIII	4668044	4668508	.	740	.
chrIII	4689590	4690098	.	606	.
chrIII	4756704	4757414	.	1000	.
chrIII	4779499	4780199	.	594	.
chrIII	4899828	4900041	.	1000	.
chrIII	4912281	4912775	.	688	.
chrIII	4917946	4918635	.	734	.
chrIII	4962904	4963411	.	762	.
chrIII	5013888	5014627	.	579	.
chrIII	5018055	5018575	.	1000	.
chrIII	5031309	5032016	.	1000	.
chrIII	5077119	5077583	.	1000	.
chrIII	5078062	5078538	.	1000	.
chrIII	5080724	5081190	.	1000	.
chrIII	5146743	5147241	.	605	.
chrIII	5147370	5147904	.	638	.
chrIII	5172468	5172939	.	633	.
chrIII	5201233	5201901	.	1000	.
chrIII	5202653	5203173	.	718	.
chrIII	5227966	5228746	.	860	.
chrIII	5229908	5230989	.	971	.
chrIII	5267491	5267960	.	596	.
chrIII	5318624	5319088	.	797	.
chrIII	5349186	5349668	.	1000	.
chrIII	5420173	5420834	.	617	.
chrIII	5502846	5503518	.	1000	.
chrIII	5503893	5504632	.	1000	.
chrIII	5506117	5506793	.	868	.
chrIII	5552212	5552676	.	950	.
chrIII	5553172	5553676	.	1000	.
chrIII	5557201	5557928	.	1000	.
chrIII	5653710	5654192	.	845	.
chrIII	5678914	5679400	.	1000	.
chrIII	5721977	5722167	.	1000	.
chrIII	5734875	5735357	.	988	.
chrIII	5813680	5814541	.	903	.
chrIII	5835430	5835895	.	581	.
chrIII	5838143	5838835	.	1000	.
chrIII	5839034	5839506	.	1000	.
chrIII	5863637	5864104	.	1000	.
chrIII	5871685	5872189	.	587	.
chrIII	5917308	5917861	.	629	.
chrIII	5937927	5938593	.	747	.
chrIII	5981382	5982072	.	1000	.
chrIII	6087901	6088387	.	739	.
chrIII	6116996	6117481	.	1000	.
chrIII	6149592	6150092	.	847	.
chrIII	6158749	6159415	.	1000	.
chrIII	6179160	6179693	.	1000	.
chrIII	6180225	6180886	.	1000	.
chrIII	6231767	6232453	.	1000	.
chrIII	6278391	6278891	.	642	.
chrIII	6280015	6280617	.	566	.
chrIII	6299293	6299830	.	583	.
chrIII	6303205	6303870	.	1000	.
chrIII	6361484	6362031	.	1000	.
chrIII	6396534	6396752	.	1000	.
chrIII	6420994	6421685	.	1000	.
chrIII	6422065	6423174	.	1000	.
chrIII	6464057	6464738	.	1000	.
chrIII	6495142	6495643	.	1000	.
chrIII	6500217	6500733	.	613	.
chrIII	6693223	6693696	.	822	.
chrIII	6817957	6818672	.	1000	.
chrIII	6819410	6819942	.	1000	.
chrIII	6848611	6849088	.	750	.
chrIII	6850188	6850917	.	1000	.
chrIII	6895072	6895564	.	799	.
chrIII	6903498	6904011	.	817	.
chrIII	6971864	6972331	.	730	.
chrIII	6991365	6991893	.	710	.
chrIII	7030314	7030783	.	733	.
chrIII	7106726	7107404	.	844	.
chrIII	7120450	7120951	.	884	.
chrIII	7141166	7141789	.	1000	.
chrIII	7142081	7142751	.	631	.
chrIII	7153770	7154239	.	578	.
chrIII	7155579	7156151	.	871	.
chrIII	7162242	7162731	.	650	.
chrIII	7165809	7166273	.	1000	.
chrIII	7166934	7167662	.	1000	.
chrIII	7188176	7188938	.	974	.
chrIII	7211947	7212418	.	584	.
chrIII	7233956	7234623	.	603	.
chrIII	7272088	7272825	.	898	.
chrIII	7278412	7278906	.	841	.
chrIII	7332944	7333690	.	838	.
chrIII	7375474	7376140	.	1000	.
chrIII	7453635	7454099	.	581	.
chrIII	7478890	7479364	.	1000	.
chrIII	7498133	7498810	.	943	.
chrIII	7520613	7521079	.	1000	.
chrIII	7644195	7644661	.	1000	.
chrIII	7719135	7719844	.	601	.
chrIII	7758549	7759013	.	1000	.
chrIII	7762210	7762681	.	1000	.
chrIII	7854612	7854758	.	1000	.
chrIII	7891818	7892623	.	600	.
chrIII	7973119	7973623	.	643	.
chrIII	7973804	7974471	.	619	.
chrIII	7978552	7979084	.	551	.
chrIII	8020904	8021368	.	569	.
chrIII	8043747	8044211	.	935	.
chrIII	8050318	8051373	.	1000	.
chrIII	8144545	8145009	.	611	.
chrIII	8163654	8164220	.	724	.
chrIII	8237745	8238232	.	651	.
chrIII	8291553	8292053	.	1000	.
chrIII	8299708	8300181	.	670	.
chrIII	8307334	8307798	.	1000	.
chrIII	8326003	8326665	.	1000	.
chrIII	8400567	8400769	.	1000	.
chrIII	8417424	8417922	.	1000	.
chrIII	8443581	8444256	.	1000	.
chrIII	8446905	8447379	.	996	.
chrIII	8479275	8480027	.	1000	.
chrIII	8594033	8594533	.	858	.
chrIII	8652475	8653220	.	794	.
chrIII	8654007	8654670	.	1000	.
chrIII	8656930	8657608	.	1000	.
chrIII	8658146	8658810	.	1000	.
chrIII	8678217	8678882	.	785	.
chrIII	8685955	8686682	.	1000	.
chrIII	8688319	8689023	.	843	.
chrIII	8733676	8734136	.	1000	.
chrIII	8739097	8739565	.	1000	.
chrIII	8741426	8741890	.	1000	.
chrIII	8749348	8750007	.	1000	.
chrIII	8785365	8785881	.	694	.
chrIII	8795640	8796120	.	1000	.
chrIII	8797316	8797789	.	1000	.
chrIII	8801931	8802594	.	1000	.
chrIII	8868230	8868694	.	1000	.
chrIII	8887149	8887616	.	738	.
chrIII	8904033	8904509	.	789	.
chrIII	8997791	8998257	.	555	.
chrIII	9007039	9007714	.	1000	.
chrIII	9051203	9051758	.	792	.
chrIII	9058951	9059423	.	613	.
chrIII	9237509	9237997	.	667	.
chrIII	9255788	9256269	.	1000	.
chrIII	9288619	9289282	.	699	.
chrIII	9289786	9290261	.	1000	.
chrIII	9326438	9326902	.	1000	.
chrIII	9366396	9367072	.	1000	.
chrIII	9456089	9456802	.	1000	.
chrIII	9467056	9467732	.	627	.
chrIII	9521669	9522368	.	955	.
chrIII	9545949	9546611	.	940	.
chrIII	9590176	9590844	.	1000	.
chrIII	9619190	9619904	.	1000	.
chrIII	9622061	9622529	.	826	.
chrIII	9629787	9630458	.	765	.
chrIII	9638419	9638883	.	1000	.
chrIII	9665802	9666550	.	1000	.
chrIII	9667824	9668291	.	976	.
chrIII	9689338	9690002	.	1000	.
chrIII	9717145	9717628	.	1000	.
chrIII	9721960	9722424	.	1000	.
chrIII	9765417	9765883	.	1000	.
chrIII	9780602	9781351	.	601	.
chrIII	9782943	9783750	.	1000	.
chrIII	9786767	9787449	.	662	.
chrIII	9825929	9826407	.	773	.
chrIII	9856709	9857513	.	810	.
chrIII	9868077	9868557	.	714	.
chrIII	9903839	9904386	.	715	.
chrIII	9930275	9930941	.	1000	.
chrIII	10049586	10050277	.	839	.
chrIII	10096418	10096947	.	1000	.
chrIII	10132885	10133590	.	909	.
chrIII	10134295	10135591	.	603	.
chrIII	10214451	10215003	.	671	.
chrIII	10215352	10216621	.	1000	.
chrIII	10216826	10217373	.	567	.
chrIII	10305236	10305947	.	838	.
chrIII	10333931	10334395	.	1000	.
chrIII	10355413	10355888	.	1000	.
chrIII	10407220	10407707	.	1000	.
chrIII	10533216	10533684	.	796	.
chrIII	10534080	10534752	.	1000	.
chrIII	10537109	10538035	.	1000	.
chrIII	10621185	10621652	.	878	.
chrIII	10633987	10634491	.	869	.
chrIII	10719188	10719656	.	550	.
chrIII	10720062	10720568	.	1000	.
chrIII	10759032	10759517	.	1000	.
chrIII	10818336	10819017	.	758	.
chrIII	10819313	10819828	.	793	.
chrIII	10820590	10821090	.	747	.
chrIII	10822605	10823092	.	1000	.
chrIII	10844820	10845284	.	984	.
chrIII	10848822	10849286	.	1000	.
chrIII	10989414	10990097	.	1000	.
chrIII	11026724	11026947	.	1000	.
chrIII	11059729	11060207	.	766	.
chrIII	11066769	11067256	.	711	.
chrIII	11087404	11087874	.	893	.
chrIII	11091605	11092081	.	1000	.
chrIII	11268276	11269583	.	1000	.
chrIII	11317017	11317692	.	1000	.
chrIII	11371228	11371708	.	757	.
chrIII	11442421	11442941	.	659	.
chrIII	11465471	11466720	.	1000	.
chrIII	11689311	11689777	.	1000	.
chrIII	11746706	11747171	.	874	.
chrIII	11822310	11822826	.	576	.
chrIII	11870008	11870476	.	546	.
chrIII	11878706	11879170	.	866	.
chrIII	11881432	11881902	.	572	.
chrIII	11946299	11946763	.	1000	.
chrIII	12003226	12003692	.	1000	.
chrIII	12138211	12138676	.	603	.
chrIII	12250225	12250892	.	1000	.
chrIII	12273556	12274025	.	621	.
chrIII	12317467	12318153	.	1000	.
chrIII	12318754	12319226	.	1000	.
chrIII	12325251	12325718	.	1000	.
chrIII	12327368	12328110	.	622	.
chrIII	12445361	12445829	.	1000	.
chrIII	12445953	12446440	.	1000	.
chrIII	12453663	12454127	.	978	.
chrIII	12549548	12550028	.	1000	.
chrIII	12558194	12558666	.	642	.
chrIII	12568261	12568725	.	1000	.
chrIII	12598391	12599058	.	957	.
chrIII	12608519	12608983	.	742	.
chrIII	12612410	12612874	.	1000	.
chrIII	12614511	12615037	.	805	.
chrIII	12615414	12616094	.	836	.
chrIII	12616962	12617474	.	657	.
chrIII	12833979	12834640	.	967	.
chrIII	12838898	12839375	.	619	.
chrIII	12841345	12841832	.	655	.
chrIII	12874652	12875140	.	597	.
chrIII	12904970	12905437	.	1000	.
chrIII	12959318	12959792	.	799	.
chrIII	12967558	12968051	.	857	.
chrIII	12978759	12979226	.	736	.
chrIII	13059320	13059789	.	1000	.
chrIII	13061080	13061544	.	1000	.
chrIII	13068322	13069039	.	1000	.
chrIII	13071059	13071807	.	608	.
chrIII	13187715	13188182	.	736	.
chrIII	13298528	13299207	.	944	.
chrIII	13377160	13377825	.	1000	.
chrIII	13388557	13389026	.	1000	.
chrIII	13464714	13465481	.	1000	.
chrIII	13466183	13466651	.	966	.
chrIII	13525935	13526710	.	731	.
chrIII	13544533	13545091	.	998	.
chrIII	13548946	13549466	.	549	.
chrIII	13606078	13606544	.	1000	.
chrIII	13607755	13608261	.	1000	.
chrIII	13626679	13627145	.	1000	.
chrIII	13643506	13643966	.	1000	.
chrIII	13678690	13679158	.	700	.
chrIII	13733745	13734209	.	1000	.
chrIII	13766869	13767372	.	848	.
chrIII	13767630	13768101	.	552	.
chrIV	51174	52013	.	574	.
chrIV	210501	211008	.	721	.
chrIV	274108	274614	.	1000	.
chrIV	275137	275614	.	832	.
chrIV	291799	292457	.	1000	.
chrIV	295835	296337	.	1000	.
chrIV	296781	297261	.	1000	.
chrIV	320369	321077	.	691	.
chrIV	337130	337812	.	654	.
chrIV	385287	385767	.	579	.
chrIV	390252	390734	.	756	.
chrIV	410275	410764	.	1000	.
chrIV	440448	440924	.	715	.
chrIV	443644	444122	.	572	.
chrIV	551862	552326	.	1000	.
chrIV	654729	655193	.	1000	.
chrIV	673258	673724	.	578	.
chrIV	796482	797146	.	761	.
chrIV	866803	867463	.	1000	.
chrIV	945530	946009	.	654	.
chrIV	1070391	1070881	.	675	.
chrIV	1075409	1075958	.	1000	.
chrIV	1094122	1094588	.	1000	.
chrIV	1147564	1148032	.	948	.
chrIV	1148684	1149148	.	572	.
chrIV	1228664	1229201	.	1000	.
chrIV	1246732	1247198	.	1000	.
chrIV	1256690	1257154	.	859	.
chrIV	1260291	1260953	.	622	.
chrIV	1266238	1266787	.	1000	.
chrIV	1274435	1275121	.	937	.
chrIV	1365355	1365824	.	583	.
chrIV	1378937	1379401	.	1000	.
chrIV	1389501	1390040	.	573	.
chrIV	1454163	1454686	.	1000	.
chrIV	1454930	1455595	.	829	.
chrIV	1510145	1510669	.	698	.
chrIV	1555304	1555793	.	563	.
chrIV	1559879	1560374	.	1000	.
chrIV	1595787	1596277	.	630	.
chrIV	1649862	1650343	.	598	.
chrIV	1659016	1659491	.	684	.
chrIV	1834140	1834607	.	582	.
chrIV	1845060	1845592	.	973	.
chrIV	2112915	2113590	.	1000	.
chrIV	2130700	2131373	.	1000	.
chrIV	2177542	2178006	.	808	.
chrIV	2219397	2219870	.	1000	.
chrIV	2281282	2281764	.	718	.
chrIV	2284407	2285073	.	1000	.
chrIV	2388880	2389365	.	1000	.
chrIV	2599628	2600153	.	660	.
chrIV	2602068	2602286	.	1000	.
chrIV	2618717	2619212	.	1000	.
chrIV	2709585	2710340	.	906	.
chrIV	2796372	2797481	.	764	.
chrIV	2798316	2798783	.	956	.
chrIV	2805494	2805968	.	1000	.
chrIV	2855320	2855784	.	835	.
chrIV	3029914	3030378	.	553	.
chrIV	3050328	3051046	.	1000	.
chrIV	3158162	3158628	.	1000	.
chrIV	3160770	3161235	.	944	.
chrIV	3227733	3228200	.	1000	.
chrIV	3231710	3232243	.	598	.
chrIV	3258522	3258997	.	738	.
chrIV	3310754	3311495	.	1000	.
chrIV	3382619	3383292	.	724	.
chrIV	3384552	3385018	.	817	.
chrIV	3400908	3401415	.	800	.
chrIV	3548285	3548765	.	639	.
chrIV	3611858	3612299	.	1000	.
chrIV	3613149	3613613	.	1000	.
chrIV	3653388	3653887	.	882	.
chrIV	3742375	3742844	.	628	.
chrIV	3803221	3803709	.	560	.
chrIV	3814480	3815292	.	835	.
chrIV	3819323	3819799	.	1000	.
chrIV	3821515	3821985	.	702	.
chrIV	3878440	3879112	.	1000	.
chrIV	3899835	3900204	.	1000	.
chrIV	3921852	3922316	.	1000	.
chrIV	3936975	3937639	.	987	.
chrIV	3944559	3944784	.	1000	.
chrIV	3960333	3960819	.	1000	.
chrIV	3963370	3964044	.	864	.
chrIV	3964928	3965462	.	1000	.
chrIV	3988669	3988977	.	1000	.
chrIV	4019237	4020293	.	989	.
chrIV	4022342	4022829	.	789	.
chrIV	4024175	4025016	.	1000	.
chrIV	4027483	4027957	.	1000	.
chrIV	4028104	4028576	.	894	.
chrIV	4032301	4032784	.	768	.
chrIV	4049475	4050134	.	1000	.
chrIV	4120213	4120700	.	968	.
chrIV	4120998	4121462	.	911	.
chrIV	4147826	4148567	.	1000	.
chrIV	4150103	4150567	.	677	.
chrIV	4151975	4152535	.	698	.
chrIV	4212613	4213289	.	1000	.
chrIV	4259389	4259902	.	594	.
chrIV	4390422	4390886	.	1000	.
chrIV	4406142	4406606	.	616	.
chrIV	4406951	4407419	.	1000	.
chrIV	4445666	4446135	.	803	.
chrIV	4449788	4450396	.	615	.
chrIV	4469849	4470549	.	1000	.
chrIV	4475614	4476132	.	1000	.
chrIV	4477034	4477498	.	577	.
chrIV	4482549	4483013	.	1000	.
chrIV	4484533	4485332	.	747	.
chrIV	4486712	4487403	.	949	.
chrIV	4511410	4511906	.	556	.
chrIV	4530150	4530639	.	1000	.
chrIV	4544163	4544883	.	1000	.
chrIV	4555874	4556680	.	875	.
chrIV	4593538	4594139	.	540	.
chrIV	4599310	4599974	.	1000	.
chrIV	4650527	4651270	.	741	.
chrIV	4660311	4661005	.	1000	.
chrIV	4725299	4726002	.	1000	.
chrIV	4745420	4746153	.	931	.
chrIV	4749820	4750284	.	1000	.
chrIV	4820994	4821676	.	851	.
chrIV	4937586	4938050	.	706	.
chrIV	5086299	5087181	.	989	.
chrIV	5090075	5090551	.	1000	.
chrIV	5131675	5132202	.	555	.
chrIV	5183661	5184324	.	1000	.
chrIV	5350787	5351256	.	762	.
chrIV	5377049	5377712	.	1000	.
chrIV	5388544	5389099	.	950	.
chrIV	5394638	5395135	.	679	.
chrIV	5591111	5591584	.	959	.
chrIV	5654178	5654849	.	843	.
chrIV	5656565	5657102	.	895	.
chrIV	5658908	5659916	.	1000	.
chrIV	5754026	5754690	.	1000	.
chrIV	5755895	5756592	.	1000	.
chrIV	5762764	5763236	.	693	.
chrIV	5966895	5967558	.	1000	.
chrIV	6017644	6018154	.	557	.
chrIV	6048455	6049152	.	1000	.
chrIV	6083608	6084072	.	1000	.
chrIV	6086431	6086910	.	846	.
chrIV	6096974	6097533	.	772	.
chrIV	6099658	6100125	.	635	.
chrIV	6185510	6185989	.	586	.
chrIV	6206305	6206796	.	1000	.
chrIV	6219381	6220167	.	914	.
chrIV	6221787	6222289	.	612	.
chrIV	6232790	6233268	.	612	.
chrIV	6275802	6276266	.	702	.
chrIV	6321648	6322116	.	1000	.
chrIV	6323646	6324114	.	744	.
chrIV	6336633	6337097	.	1000	.
chrIV	6432324	6432986	.	651	.
chrIV	6500767	6501231	.	695	.
chrIV	6502595	6503086	.	986	.
chrIV	6551965	6552704	.	1000	.
chrIV	6555448	6555912	.	743	.
chrIV	6585352	6585847	.	682	.
chrIV	6631769	6632237	.	887	.
chrIV	6756396	6756860	.	643	.
chrIV	6771554	6772254	.	769	.
chrIV	6791999	6792699	.	701	.
chrIV	6802124	6802615	.	708	.
chrIV	6818323	6818852	.	972	.
chrIV	6839023	6839487	.	1000	.
chrIV	6841884	6842356	.	1000	.
chrIV	6880379	6880843	.	1000	.
chrIV	6919281	6919761	.	620	.
chrIV	7020575	7021323	.	1000	.
chrIV	7025733	7026198	.	1000	.
chrIV	7039366	7039849	.	723	.
chrIV	7044699	7045393	.	1000	.
chrIV	7047664	7048333	.	1000	.
chrIV	7048786	7049264	.	783	.
chrIV	7049560	7050299	.	1000	.
chrIV	7084753	7085226	.	899	.
chrIV	7180311	7180778	.	1000	.
chrIV	7188918	7189153	.	1000	.
chrIV	7190383	7190860	.	1000	.
chrIV	7235581	7236068	.	1000	.
chrIV	7237733	7238202	.	855	.
chrIV	7316584	7317255	.	680	.
chrIV	7326724	7327390	.	1000	.
chrIV	7393705	7394171	.	1000	.
chrIV	7508040	7508591	.	907	.
chrIV	7520251	7521285	.	1000	.
chrIV	7553150	7553619	.	738	.
chrIV	7679070	7679760	.	1000	.
chrIV	7689302	7689786	.	913	.
chrIV	7710786	7711250	.	1000	.
chrIV	7726309	7726997	.	1000	.
chrIV	7747777	7748291	.	779	.
chrIV	7791234	7792557	.	990	.
chrIV	7841186	7841663	.	749	.
chrIV	7844271	7844771	.	1000	.
chrIV	7902466	7902957	.	1000	.
chrIV	8026266	8026782	.	731	.
chrIV	8028412	8029075	.	1000	.
chrIV	8030050	8030756	.	1000	.
chrIV	8032093	8032762	.	1000	.
chrIV	8133467	8133978	.	710	.
chrIV	8151664	8152157	.	1000	.
chrIV	8163636	8164101	.	1000	.
chrIV	8222979	8223459	.	798	.
chrIV	8225304	8226423	.	1000	.
chrIV	8229464	8230007	.	579	.
chrIV	8251293	8251780	.	545	.
chrIV	8366294	8366851	.	824	.
chrIV	8380218	8380682	.	1000	.
chrIV	8428534	8429013	.	1000	.
chrIV	8431014	8432124	.	1000	.
chrIV	8432677	8433155	.	878	.
chrIV	8450628	8451121	.	1000	.
chrIV	8451812	8452288	.	1000	.
chrIV	8453266	8453445	.	1000	.
chrIV	8453963	8454676	.	1000	.
chrIV	8475281	8475950	.	1000	.
chrIV	8481409	8481951	.	1000	.
chrIV	8527553	8527999	.	1000	.
chrIV	8528379	8528843	.	1000	.
chrIV	8530579	8531239	.	1000	.
chrIV	8531966	8532440	.	679	.
chrIV	8532750	8533270	.	874	.
chrIV	8534932	8535424	.	810	.
chrIV	8537787	8538591	.	830	.
chrIV	8539582	8540722	.	1000	.
chrIV	8542132	8542842	.	1000	.
chrIV	8585063	8585726	.	1000	.
chrIV	8595059	8595526	.	721	.
chrIV	8612090	8612563	.	669	.
chrIV	8687771	8688251	.	583	.
chrIV	8729573	8730045	.	1000	.
chrIV	8730402	8731067	.	1000	.
chrIV	8743838	8744302	.	910	.
chrIV	8757712	8758380	.	683	.
chrIV	8795111	8795871	.	1000	.
chrIV	8866033	8866731	.	686	.
chrIV	8893707	8894516	.	679	.
chrIV	8927002	8927466	.	1000	.
chrIV	8948962	8949536	.	841	.
chrIV	8973244	8973958	.	636	.
chrIV	8986796	8987260	.	640	.
chrIV	9010203	9010871	.	807	.
chrIV	9070163	9070648	.	865	.
chrIV	9111983	9112457	.	796	.
chrIV	9118371	9118838	.	617	.
chrIV	9158966	9159467	.	1000	.
chrIV	9159801	9160277	.	1000	.
chrIV	9165680	9166152	.	905	.
chrIV	9198067	9198568	.	924	.
chrIV	9311087	9311747	.	1000	.
chrIV	9438744	9439541	.	1000	.
chrIV	9442166	9442650	.	1000	.
chrIV	9444372	9445068	.	1000	.
chrIV	9500062	9500526	.	1000	.
chrIV	9511287	9512090	.	1000	.
chrIV	9513445	9514624	.	1000	.
chrIV	9516842	9517306	.	858	.
chrIV	9540287	9540751	.	1000	.
chrIV	9593409	9593876	.	1000	.
chrIV	9651129	9651803	.	1000	.
chrIV	9668063	9668733	.	1000	.
chrIV	9670974	9671672	.	901	.
chrIV	9673949	9674714	.	542	.
chrIV	9676541	9678239	.	1000	.
chrIV	9682467	9682931	.	1000	.
chrIV	9716490	9716954	.	589	.
chrIV	9762723	9763187	.	1000	.
chrIV	9801417	9801899	.	1000	.
chrIV	9802642	9803118	.	719	.
chrIV	9803480	9804025	.	940	.
chrIV	9873799	9874267	.	565	.
chrIV	9875596	9876074	.	931	.
chrIV	9958788	9959252	.	642	.
chrIV	9997024	9998227	.	938	.
chrIV	10059247	10059506	.	1000	.
chrIV	10174980	10175634	.	563	.
chrIV	10180427	10181174	.	955	.
chrIV	10236083	10236563	.	672	.
chrIV	10245612	10246079	.	548	.
chrIV	10252229	10252774	.	1000	.
chrIV	10269390	10269889	.	881	.
chrIV	10330865	10331343	.	588	.
chrIV	10331799	10332461	.	1000	.
chrIV	10342260	10342756	.	1000	.
chrIV	10365773	10366538	.	668	.
chrIV	10388227	10388903	.	1000	.
chrIV	10438843	10439345	.	836	.
chrIV	10463236	10463494	.	1000	.
chrIV	10469388	10469945	.	792	.
chrIV	10483691	10484155	.	1000	.
chrIV	10511374	10512035	.	1000	.
chrIV	10541993	10542747	.	678	.
chrIV	10543347	10543807	.	1000	.
chrIV	10544899	10545370	.	579	.
chrIV	10577404	10577872	.	788	.
chrIV	10656723	10657187	.	571	.
chrIV	10796657	10797124	.	807	.
chrIV	10810725	10811245	.	724	.
chrIV	10881166	10881656	.	1000	.
chrIV	10909685	10910453	.	732	.
chrIV	10933894	10935122	.	1000	.
chrIV	10935260	10935741	.	682	.
chrIV	10935946	10936414	.	1000	.
chrIV	10964629	10965100	.	1000	.
chrIV	10970345	10970812	.	1000	.
chrIV	11020090	11020601	.	749	.
chrIV	11020947	11021616	.	570	.
chrIV	11030289	11031046	.	558	.
chrIV	11031575	11032104	.	1000	.
chrIV	11037062	11037560	.	717	.
chrIV	11082738	11083412	.	1000	.
chrIV	11118955	11119424	.	903	.
chrIV	11149516	11149996	.	1000	.
chrIV	11179192	11179985	.	1000	.
chrIV	11182854	11183318	.	585	.
chrIV	11257462	11258122	.	947	.
chrIV	11283998	11284513	.	1000	.
chrIV	11288922	11289597	.	1000	.
chrIV	11306226	11307096	.	825	.
chrIV	11363932	11364444	.	585	.
chrIV	11469921	11470385	.	817	.
chrIV	11489045	11489711	.	1000	.
chrIV	11549684	11550148	.	644	.
chrIV	11566148	11566629	.	689	.
chrIV	11583558	11584338	.	827	.
chrIV	11593429	11594118	.	812	.
chrIV	11623042	11623521	.	745	.
chrIV	11623726	11624192	.	1000	.
chrIV	11635540	11636004	.	541	.
chrIV	11645295	11645808	.	586	.
chrIV	11692256	11692929	.	1000	.
chrIV	11721868	11722345	.	587	.
chrIV	11760545	11761060	.	1000	.
chrIV	11771006	11771699	.	1000	.
chrIV	11821813	11822396	.	739	.
chrIV	11913299	11914499	.	876	.
chrIV	11914691	11915173	.	703	.
chrIV	11915983	11916471	.	720	.
chrIV	11928354	11928846	.	563	.
chrIV	11955634	11955848	.	1000	.
chrIV	11956275	11956739	.	1000	.
chrIV	11961631	11962140	.	914	.
chrIV	12032161	12032934	.	1000	.
chrIV	12042905	12043678	.	1000	.
chrIV	12046670	12047344	.	1000	.
chrIV	12165321	12166033	.	911	.
chrIV	12197564	12198046	.	953	.
chrIV	12199641	12200310	.	1000	.
chrIV	12274344	12274808	.	1000	.
chrIV	12305890	12306388	.	837	.
chrIV	12378570	12379331	.	615	.
chrIV	12420433	12420899	.	1000	.
chrIV	12435417	12435881	.	1000	.
chrIV	12527083	12527595	.	1000	.
chrIV	12599117	12599581	.	1000	.
chrIV	12689592	12690267	.	1000	.
chrIV	12698913	12699386	.	541	.
chrIV	12715922	12716582	.	1000	.
chrIV	12724597	12725073	.	1000	.
chrIV	12728082	12728548	.	850	.
chrIV	12765028	12765720	.	1000	.
chrIV	12842114	12842578	.	1000	.
chrIV	12865857	12866321	.	1000	.
chrIV	12869497	12870045	.	809	.
chrIV	12871453	12872130	.	1000	.
chrIV	12876500	12876998	.	706	.
chrIV	12879527	12880260	.	1000	.
chrIV	12890429	12890902	.	1000	.
chrIV	12901567	12902048	.	1000	.
chrIV	12906494	12906978	.	1000	.
chrIV	12909736	12910274	.	809	.
chrIV	12911939	12912604	.	1000	.
chrIV	12921004	12921468	.	1000	.
chrIV	12936350	12936746	.	1000	.
chrIV	12962508	12962973	.	705	.
chrIV	12964645	12965312	.	1000	.
chrIV	12969107	12969587	.	1000	.
chrIV	12972013	12972488	.	1000	.
chrIV	12973307	12973779	.	1000	.
chrIV	12975892	12976397	.	590	.
chrIV	12978298	12978766	.	979	.
chrIV	12985934	12986398	.	1000	.
chrIV	13008334	13008802	.	1000	.
chrIV	13026639	13027307	.	1000	.
chrIV	13057506	13057738	.	1000	.
chrIV	13221682	13222146	.	546	.
chrIV	13240445	13240909	.	1000	.
chrIV	13253792	13254277	.	1000	.
chrIV	13297698	13298436	.	756	.
chrIV	13314125	13314591	.	1000	.
chrIV	13318653	13319334	.	1000	.
chrIV	13322436	13322911	.	1000	.
chrIV	13327025	13327491	.	1000	.
chrIV	13347249	13347713	.	1000	.
chrIV	13393263	13393922	.	1000	.
chrIV	13395160	13395624	.	1000	.
chrIV	13396385	13396850	.	1000	.
chrIV	13638974	13639674	.	1000	.
chrIV	13703855	13704519	.	646	.
chrIV	13707883	13708357	.	1000	.
chrIV	13725255	13725563	.	1000	.
chrIV	13727813	13728297	.	1000	.
chrIV	13826266	13826937	.	1000	.
chrIV	13887541	13888006	.	600	.
chrIV	13919225	13919559	.	1000	.
chrIV	14033090	14034679	.	1000	.
chrIV	14070334	14071318	.	751	.
chrIV	14128068	14128799	.	832	.
chrIV	14326939	14327424	.	1000	.
chrIV	14413515	14413680	.	1000	.
chrIV	14414237	14414505	.	1000	.
chrIV	14430845	14431311	.	1000	.
chrIV	14449096	14449773	.	636	.
chrIV	14456601	14457082	.	883	.
chrIV	14464014	14464507	.	986	.
chrIV	14561619	14562120	.	1000	.
chrIV	14594431	14594630	.	1000	.
chrIV	14620005	14620774	.	862	.
chrIV	14763340	14764011	.	754	.
chrIV	14793609	14794408	.	599	.
chrIV	14838159	14838634	.	582	.
chrIV	14874907	14875383	.	1000	.
chrIV	14883743	14884427	.	1000	.
chrIV	14889146	14889685	.	566	.
chrIV	14959371	14959907	.	1000	.
chrIV	15385151	15385615	.	991	.
chrIV	15393168	15393646	.	987	.
chrIV	15395174	15395644	.	805	.
chrIV	15471388	15471853	.	1000	.
chrIV	15472340	15472824	.	834	.
chrIV	15559047	15559526	.	1000	.
chrIV	15570755	15571220	.	1000	.
chrIV	15640866	15641355	.	1000	.
chrIV	15646463	15646964	.	1000	.
chrIV	15689121	15689785	.	781	.
chrIV	15701958	15702454	.	1000	.
chrIV	15929797	15930270	.	1000	.
chrIV	15931048	15931613	.	557	.
chrIV	16167127	16167794	.	862	.
chrIV	16170497	16171159	.	1000	.
chrIV	16171285	16171770	.	694	.
chrIV	16178382	16178870	.	1000	.
chrIV	16180804	16181278	.	1000	.
chrIV	16203376	16203844	.	1000	.
chrIV	16293866	16294959	.	755	.
chrIV	16400733	16401425	.	593	.
chrIV	16415089	16416044	.	1000	.
chrIV	16491492	16492650	.	1000	.
chrIV	16501701	16502231	.	967	.
chrIV	16524973	16525440	.	954	.
chrIV	16656210	16656690	.	825	.
chrIV	17171723	17172202	.	1000	.
chrIV	17174025	17174492	.	1000	.
chrIV	17179185	17179959	.	816	.
chrIV	17245253	17245543	.	1000	.
chrIV	17249668	17250134	.	1000	.
chrIV	17263728	17264194	.	1000	.
chrIV	17281166	17281744	.	1000	.
chrIV	17320417	17320902	.	635	.
chrIV	17339052	17339715	.	1000	.
chrIV	17342132	17342618	.	1000	.
chrIV	17387550	17388226	.	737	.
chrIV	17406081	17406589	.	976	.
chrIV	17432137	17432611	.	730	.
chrIV	17440405	17440882	.	821	.
chrIV	17467346	17467848	.	1000	.
chrIV	17468129	17468597	.	664	.
chrV	21795	22334	.	648	.
chrV	47736	48253	.	1000	.
chrV	211751	212269	.	567	.
chrV	332526	333041	.	1000	.
chrV	333652	334112	.	1000	.
chrV	348973	349439	.	587	.
chrV	384464	384928	.	597	.
chrV	385415	386074	.	1000	.
chrV	414658	415612	.	1000	.
chrV	417621	418539	.	1000	.
chrV	459394	459920	.	980	.
chrV	474465	475211	.	827	.
chrV	483381	483845	.	991	.
chrV	484171	485157	.	1000	.
chrV	531936	532400	.	943	.
chrV	622861	623387	.	637	.
chrV	683800	684265	.	574	.
chrV	726813	727480	.	743	.
chrV	730200	730863	.	1000	.
chrV	731267	731727	.	1000	.
chrV	910549	911024	.	964	.
chrV	1003734	1004203	.	708	.
chrV	1060158	1060628	.	1000	.
chrV	1133762	1134250	.	1000	.
chrV	1135159	1135657	.	760	.
chrV	1151287	1151946	.	1000	.
chrV	1153781	1154296	.	599	.
chrV	1176246	1176924	.	1000	.
chrV	1414847	1415511	.	933	.
chrV	1459429	1459939	.	1000	.
chrV	1545682	1546151	.	949	.
chrV	1607783	1608279	.	719	.
chrV	1621847	1622520	.	755	.
chrV	1743420	1743895	.	1000	.
chrV	1760602	1761066	.	942	.
chrV	1875498	1875962	.	548	.
chrV	1926980	1927477	.	1000	.
chrV	1986940	1987404	.	966	.
chrV	1999584	2000103	.	635	.
chrV	2122470	2123590	.	738	.
chrV	2126975	2127472	.	947	.
chrV	2218807	2219271	.	577	.
chrV	2250052	2250572	.	977	.
chrV	2324343	2324569	.	1000	.
chrV	2327234	2327458	.	1000	.
chrV	2585688	2586416	.	745	.
chrV	2600511	2601116	.	1000	.
chrV	2638498	2638962	.	1000	.
chrV	2711371	2711854	.	686	.
chrV	2731104	2731292	.	1000	.
chrV	2765038	2765508	.	918	.
chrV	2810140	2810615	.	1000	.
chrV	2848663	2848836	.	1000	.
chrV	2875378	2875934	.	612	.
chrV	2880351	2880818	.	702	.
chrV	2880959	2881432	.	652	.
chrV	3024226	3024708	.	626	.
chrV	3193077	3193543	.	1000	.
chrV	3468413	3468932	.	654	.
chrV	3482551	3483019	.	1000	.
chrV	3505732	3506200	.	1000	.
chrV	3552668	3553135	.	829	.
chrV	3579729	3580200	.	707	.
chrV	3632184	3632850	.	1000	.
chrV	3634448	3634912	.	1000	.
chrV	3644262	3644736	.	726	.
chrV	3697026	3697563	.	1000	.
chrV	3776909	3777406	.	703	.
chrV	3784218	3784909	.	944	.
chrV	3851742	3852213	.	858	.
chrV	3935856	3936569	.	1000	.
chrV	3969337	3970116	.	556	.
chrV	3970347	3970827	.	815	.
chrV	4131472	4131952	.	630	.
chrV	4186342	4187786	.	1000	.
chrV	4483110	4483625	.	951	.
chrV	4598477	4598941	.	1000	.
chrV	4719861	4720383	.	879	.
chrV	4720867	4721340	.	889	.
chrV	4731359	4732050	.	580	.
chrV	4737705	4738169	.	841	.
chrV	4823704	4824279	.	592	.
chrV	4914821	4915301	.	688	.
chrV	4964732	4965405	.	1000	.
chrV	5000383	5000902	.	604	.
chrV	5012108	5012934	.	606	.
chrV	5018006	5018479	.	1000	.
chrV	5026375	5026918	.	900	.
chrV	5027600	5028065	.	1000	.
chrV	5049311	5049836	.	1000	.
chrV	5067389	5068053	.	1000	.
chrV	5271413	5271892	.	1000	.
chrV	5272525	5273957	.	1000	.
chrV	5329575	5330053	.	571	.
chrV	5392995	5393701	.	1000	.
chrV	5425019	5425483	.	1000	.
chrV	5433030	5433494	.	1000	.
chrV	5490141	5490625	.	1000	.
chrV	5504999	5505512	.	749	.
chrV	5511718	5512203	.	666	.
chrV	5512481	5513028	.	1000	.
chrV	5513609	5514075	.	570	.
chrV	5559823	5560308	.	1000	.
chrV	5575942	5576407	.	1000	.
chrV	5634395	5634902	.	917	.
chrV	5647341	5647810	.	618	.
chrV	5712651	5713117	.	853	.
chrV	5765117	5765591	.	604	.
chrV	5768261	5768743	.	1000	.
chrV	5769531	5770008	.	1000	.
chrV	5780680	5781144	.	782	.
chrV	5812875	5813547	.	882	.
chrV	5816421	5816969	.	780	.
chrV	5821704	5822168	.	1000	.
chrV	5843343	5843865	.	1000	.
chrV	5845574	5846288	.	741	.
chrV	5882380	5882869	.	1000	.
chrV	5917702	5918176	.	1000	.
chrV	5930527	5931013	.	706	.
chrV	6000195	6000881	.	1000	.
chrV	6043717	6044181	.	895	.
chrV	6053132	6053681	.	552	.
chrV	6100552	6101035	.	1000	.
chrV	6101388	6101852	.	629	.
chrV	6110526	6111202	.	1000	.
chrV	6211431	6212095	.	696	.
chrV	6220959	6221486	.	553	.
chrV	6224460	6225131	.	1000	.
chrV	6227403	6228085	.	1000	.
chrV	6228462	6228936	.	939	.
chrV	6229387	6230020	.	1000	.
chrV	6243224	6243700	.	1000	.
chrV	6247422	6247946	.	1000	.
chrV	6248716	6249438	.	1000	.
chrV	6251089	6251652	.	551	.
chrV	6275278	6275835	.	1000	.
chrV	6276280	6276469	.	1000	.
chrV	6277974	6278853	.	649	.
chrV	6280045	6280524	.	641	.
chrV	6292335	6292799	.	617	.
chrV	6346862	6347533	.	1000	.
chrV	6355935	6356452	.	1000	.
chrV	6398865	6399329	.	1000	.
chrV	6400454	6401277	.	962	.
chrV	6407530	6408256	.	903	.
chrV	6411155	6411624	.	1000	.
chrV	6413027	6413491	.	1000	.
chrV	6414434	6414907	.	868	.
chrV	6487862	6488331	.	721	.
chrV	6488839	6489306	.	1000	.
chrV	6492476	6493031	.	815	.
chrV	6522811	6523337	.	834	.
chrV	6524696	6525166	.	1000	.
chrV	6575665	6576133	.	1000	.
chrV	6614412	6615046	.	1000	.
chrV	6615561	6616228	.	639	.
chrV	6665703	6666173	.	1000	.
chrV	6666499	6666968	.	881	.
chrV	6811795	6812460	.	668	.
chrV	6823338	6824021	.	1000	.
chrV	6838137	6838608	.	604	.
chrV	6888800	6889581	.	614	.
chrV	6994064	6994726	.	643	.
chrV	6998246	6998991	.	971	.
chrV	7075674	7076594	.	725	.
chrV	7093823	7094335	.	1000	.
chrV	7095208	7095739	.	585	.
chrV	7150531	7151002	.	1000	.
chrV	7156944	7157499	.	662	.
chrV	7186574	7187052	.	1000	.
chrV	7196400	7196909	.	808	.
chrV	7364025	7364493	.	1000	.
chrV	7434889	7435381	.	606	.
chrV	7521275	7521739	.	1000	.
chrV	7547975	7548451	.	1000	.
chrV	7786546	7787015	.	722	.
chrV	7854634	7855455	.	1000	.
chrV	7888010	7888474	.	585	.
chrV	8000848	8001546	.	1000	.
chrV	8017818	8018282	.	1000	.
chrV	8212767	8213231	.	989	.
chrV	8217104	8218145	.	1000	.
chrV	8228780	8229259	.	1000	.
chrV	8247748	8248212	.	1000	.
chrV	8267215	8267679	.	1000	.
chrV	8268868	8269353	.	1000	.
chrV	8269876	8270340	.	1000	.
chrV	8272038	8272707	.	1000	.
chrV	8288084	8288554	.	1000	.
chrV	8306897	8307370	.	767	.
chrV	8307655	8308317	.	1000	.
chrV	8348868	8349582	.	1000	.
chrV	8359106	8359597	.	1000	.
chrV	8383766	8384284	.	1000	.
chrV	8386059	8386791	.	1000	.
chrV	8402334	8402799	.	844	.
chrV	8425102	8425570	.	752	.
chrV	8445418	8446109	.	658	.
chrV	8460269	8460932	.	997	.
chrV	8500287	8500785	.	1000	.
chrV	8606267	8606736	.	1000	.
chrV	8611016	8611695	.	1000	.
chrV	8631302	8632014	.	767	.
chrV	8648348	8648518	.	1000	.
chrV	8651380	8651595	.	1000	.
chrV	8661499	8661963	.	1000	.
chrV	8767626	8768107	.	1000	.
chrV	8768492	8768879	.	1000	.
chrV	8769211	8769521	.	1000	.
chrV	8773668	8774132	.	686	.
chrV	8780872	8781624	.	575	.
chrV	8905635	8906102	.	936	.
chrV	8922763	8923246	.	596	.
chrV	8936099	8936780	.	904	.
chrV	8939518	8940213	.	690	.
chrV	8975042	8975830	.	1000	.
chrV	9074203	9075335	.	976	.
chrV	9075771	9076436	.	898	.
chrV	9078830	9079294	.	759	.
chrV	9080048	9080565	.	1000	.
chrV	9094140	9094679	.	1000	.
chrV	9095544	9096041	.	1000	.
chrV	9097162	9097864	.	647	.
chrV	9146187	9146662	.	1000	.
chrV	9148401	9148868	.	557	.
chrV	9172934	9173410	.	607	.
chrV	9175178	9175646	.	1000	.
chrV	9202696	9203165	.	1000	.
chrV	9243370	9243864	.	924	.
chrV	9254116	9254612	.	1000	.
chrV	9255424	9255902	.	1000	.
chrV	9327663	9328361	.	549	.
chrV	9344055	9344595	.	1000	.
chrV	9370956	9371719	.	786	.
chrV	9373419	9373907	.	807	.
chrV	9443032	9443699	.	1000	.
chrV	9489395	9489859	.	735	.
chrV	9491536	9492228	.	1000	.
chrV	9503272	9503983	.	621	.
chrV	9506896	9507373	.	758	.
chrV	9513566	9514048	.	572	.
chrV	9516244	9516708	.	1000	.
chrV	9526397	9526953	.	710	.
chrV	9546819	9547482	.	1000	.
chrV	9571013	9571858	.	986	.
chrV	9701829	9702564	.	809	.
chrV	9711104	9711770	.	1000	.
chrV	9731088	9731756	.	1000	.
chrV	9738272	9738744	.	745	.
chrV	9756230	9756694	.	1000	.
chrV	9789801	9790297	.	1000	.
chrV	9791323	9792022	.	1000	.
chrV	9856669	9857437	.	673	.
chrV	9924470	9924937	.	690	.
chrV	9925733	9925959	.	1000	.
chrV	9927943	9928409	.	853	.
chrV	9980604	9981322	.	884	.
chrV	10003660	10004338	.	699	.
chrV	10039897	10040365	.	1000	.
chrV	10087049	10087537	.	1000	.
chrV	10096914	10097393	.	985	.
chrV	10159915	10160379	.	661	.
chrV	10190138	10190616	.	1000	.
chrV	10203629	10204301	.	713	.
chrV	10244323	10244797	.	632	.
chrV	10256006	10256503	.	614	.
chrV	10277567	10278229	.	742	.
chrV	10280058	10280745	.	1000	.
chrV	10281302	10281804	.	985	.
chrV	10341721	10342464	.	589	.
chrV	10353000	10353464	.	645	.
chrV	10371158	10371625	.	1000	.
chrV	10398440	10398945	.	672	.
chrV	10399255	10399719	.	1000	.
chrV	10432543	10433203	.	1000	.
chrV	10433633	10434126	.	1000	.
chrV	10466474	10467156	.	1000	.
chrV	10467989	10468802	.	673	.
chrV	10483923	10484474	.	720	.
chrV	10485380	10486063	.	1000	.
chrV	10493108	10493572	.	678	.
chrV	10525871	10526362	.	700	.
chrV	10536820	10537288	.	909	.
chrV	10562822	10563300	.	570	.
chrV	10564950	10565634	.	994	.
chrV	10578895	10579374	.	891	.
chrV	10580643	10581108	.	624	.
chrV	10590106	10590607	.	1000	.
chrV	10680987	10681716	.	698	.
chrV	10693830	10694060	.	1000	.
chrV	10719405	10720199	.	940	.
chrV	10726606	10727070	.	1000	.
chrV	10729362	10730044	.	1000	.
chrV	10731940	10732412	.	897	.
chrV	10750566	10751030	.	1000	.
chrV	10762784	10763312	.	677	.
chrV	10776604	10777111	.	1000	.
chrV	10801054	10801518	.	1000	.
chrV	10802029	10802747	.	1000	.
chrV	10807882	10808351	.	1000	.
chrV	10855291	10855954	.	869	.
chrV	10859767	10860231	.	715	.
chrV	10878114	10878636	.	1000	.
chrV	10897305	10897453	.	1000	.
chrV	10932351	10933059	.	1000	.
chrV	10936654	10937118	.	992	.
chrV	10938774	10939436	.	812	.
chrV	10940427	10941059	.	1000	.
chrV	10951332	10952061	.	1000	.
chrV	10953406	10954193	.	638	.
chrV	10965450	10965914	.	1000	.
chrV	11007643	11008115	.	545	.
chrV	11008993	11009684	.	1000	.
chrV	11029244	11030010	.	977	.
chrV	11039564	11040028	.	682	.
chrV	11069410	11069613	.	1000	.
chrV	11078223	11078892	.	1000	.
chrV	11080573	11081056	.	887	.
chrV	11087024	11087696	.	1000	.
chrV	11175443	11175974	.	884	.
chrV	11176610	11177316	.	1000	.
chrV	11235931	11236404	.	1000	.
chrV	11239139	11239628	.	680	.
chrV	11265442	11265920	.	829	.
chrV	11311043	11311507	.	806	.
chrV	11313968	11314641	.	846	.
chrV	11375158	11375970	.	736	.
chrV	11403036	11404137	.	1000	.
chrV	11412125	11412589	.	752	.
chrV	11470144	11470630	.	1000	.
chrV	11521360	11521869	.	626	.
chrV	11532202	11532939	.	1000	.
chrV	11534468	11534954	.	1000	.
chrV	11535592	11536282	.	1000	.
chrV	11536882	11537716	.	823	.
chrV	11549059	11549532	.	763	.
chrV	11572914	11573489	.	1000	.
chrV	11574259	11574972	.	584	.
chrV	11584972	11585642	.	899	.
chrV	11610416	11610891	.	1000	.
chrV	11614560	11615240	.	1000	.
chrV	11629409	11629889	.	674	.
chrV	11648406	11648874	.	1000	.
chrV	11649273	11649737	.	1000	.
chrV	11650807	11650989	.	1000	.
chrV	11716847	11717335	.	763	.
chrV	11755847	11756519	.	1000	.
chrV	11764305	11764969	.	1000	.
chrV	11822315	11823065	.	769	.
chrV	11823931	11824395	.	1000	.
chrV	11849407	11849873	.	735	.
chrV	11859439	11859903	.	770	.
chrV	11885862	11886357	.	1000	.
chrV	11887886	11888387	.	905	.
chrV	11922026	11922690	.	896	.
chrV	11933406	11934007	.	667	.
chrV	11941598	11942058	.	1000	.
chrV	11975300	11975570	.	1000	.
chrV	11976696	11977172	.	1000	.
chrV	11979840	11980509	.	1000	.
chrV	12002276	12002492	.	1000	.
chrV	12002782	12003988	.	1000	.
chrV	12085768	12086586	.	689	.
chrV	12091673	12092344	.	642	.
chrV	12208497	12208965	.	777	.
chrV	12291536	12292000	.	1000	.
chrV	12300165	12300905	.	658	.
chrV	12301070	12301733	.	1000	.
chrV	12301788	12302837	.	1000	.
chrV	12303374	12304077	.	778	.
chrV	12343539	12344036	.	697	.
chrV	12475344	12475820	.	826	.
chrV	12491016	12491502	.	1000	.
chrV	12497688	12498158	.	689	.
chrV	12512745	12513218	.	1000	.
chrV	12532225	12532888	.	965	.
chrV	12634021	12634501	.	1000	.
chrV	12635106	12635570	.	830	.
chrV	12637135	12637615	.	1000	.
chrV	12638041	12638552	.	1000	.
chrV	12728178	12728728	.	611	.
chrV	12732626	12733154	.	1000	.
chrV	12733387	12733852	.	799	.
chrV	12741706	12742471	.	1000	.
chrV	12744143	12744803	.	659	.
chrV	12744936	12745637	.	1000	.
chrV	12797072	12797542	.	856	.
chrV	12822012	12822479	.	574	.
chrV	12824725	12825225	.	800	.
chrV	12869868	12870382	.	1000	.
chrV	12876692	12877672	.	1000	.
chrV	12909526	12909992	.	921	.
chrV	12921681	12922456	.	1000	.
chrV	12933400	12934120	.	832	.
chrV	12934914	12935380	.	1000	.
chrV	12937015	12937507	.	1000	.
chrV	12942029	12942504	.	1000	.
chrV	12962868	12963618	.	1000	.
chrV	13011838	13012327	.	1000	.
chrV	13041617	13042117	.	601	.
chrV	13043181	13043669	.	1000	.
chrV	13044039	13044553	.	571	.
chrV	13046020	13046523	.	625	.
chrV	13047510	13048014	.	854	.
chrV	13082522	13083050	.	1000	.
chrV	13085244	13085730	.	646	.
chrV	13130270	13130781	.	1000	.
chrV	13137916	13138388	.	1000	.
chrV	13163807	13164295	.	726	.
chrV	13212686	13212870	.	1000	.
chrV	13262971	13263440	.	1000	.
chrV	13268128	13268312	.	1000	.
chrV	13269296	13269693	.	1000	.
chrV	13274598	13275640	.	1000	.
chrV	13333779	13334273	.	816	.
chrV	13357821	13358291	.	1000	.
chrV	13369590	13370256	.	1000	.
chrV	13373588	13374321	.	1000	.
chrV	13377232	13377370	.	1000	.
chrV	13380960	13381441	.	571	.
chrV	13421643	13422129	.	1000	.
chrV	13462869	13463537	.	1000	.
chrV	13468138	13468615	.	1000	.
chrV	13530689	13531360	.	683	.
chrV	13556650	13557118	.	734	.
chrV	13565144	13565617	.	1000	.
chrV	13571830	13572364	.	728	.
chrV	13576857	13577536	.	543	.
chrV	13637956	13638449	.	1000	.
chrV	13654050	13654877	.	631	.
chrV	13656210	13656758	.	1000	.
chrV	13657285	13658072	.	1000	.
chrV	13658499	13658976	.	1000	.
chrV	13678489	13678966	.	558	.
chrV	13716483	13717001	.	1000	.
chrV	13739838	13740314	.	663	.
chrV	13744824	13745300	.	1000	.
chrV	13751798	13752324	.	675	.
chrV	13787442	13788599	.	757	.
chrV	13789219	13789880	.	1000	.
chrV	13818939	13819719	.	644	.
chrV	13879220	13879906	.	1000	.
chrV	13892272	13892966	.	1000	.
chrV	13893568	13894040	.	1000	.
chrV	13909317	13909814	.	1000	.
chrV	13961977	13962442	.	776	.
chrV	13986747	13987288	.	780	.
chrV	14002190	14002856	.	1000	.
chrV	14018480	14018970	.	797	.
chrV	14028204	14028894	.	1000	.
chrV	14055003	14055463	.	1000	.
chrV	14092300	14092798	.	618	.
chrV	14160669	14161139	.	877	.
chrV	14193305	14194083	.	1000	.
chrV	14212747	14213235	.	919	.
chrV	14347169	14347633	.	776	.
chrV	14354211	14354880	.	649	.
chrV	14413957	14414663	.	983	.
chrV	14415163	14415671	.	1000	.
chrV	14447316	14447790	.	887	.
chrV	14462874	14463634	.	1000	.
chrV	14468567	14469031	.	998	.
chrV	14482657	14483187	.	610	.
chrV	14497807	14498291	.	755	.
chrV	14503097	14503561	.	1000	.
chrV	14505592	14506056	.	1000	.
chrV	14542092	14542561	.	684	.
chrV	14595664	14596422	.	729	.
chrV	14596935	14597433	.	813	.
chrV	14640710	14641190	.	825	.
chrV	14685546	14686239	.	1000	.
chrV	14848436	14849198	.	1000	.
chrV	14849652	14850121	.	713	.
chrV	14850479	14851156	.	1000	.
chrV	14993556	14994027	.	924	.
chrV	15002057	15002521	.	774	.
chrV	15082276	15082755	.	1000	.
chrV	15085318	15085782	.	621	.
chrV	15133773	15134506	.	612	.
chrV	15187670	15188134	.	859	.
chrV	15189490	15189997	.	741	.
chrV	15190871	15191341	.	628	.
chrV	15192339	15192850	.	802	.
chrV	15226138	15226605	.	1000	.
chrV	15298659	15298958	.	1000	.
chrV	15316098	15316562	.	645	.
chrV	15318700	15318913	.	1000	.
chrV	15322627	15323092	.	993	.
chrV	15323357	15323830	.	1000	.
chrV	15328040	15328520	.	1000	.
chrV	15354754	15354964	.	1000	.
chrV	15372740	15373425	.	621	.
chrV	15436115	15436581	.	607	.
chrV	15444578	15445052	.	584	.
chrV	15448386	15448851	.	1000	.
chrV	15464973	15465457	.	1000	.
chrV	15497708	15498176	.	1000	.
chrV	15511599	15512321	.	1000	.
chrV	15533063	15533533	.	759	.
chrV	15563933	15564458	.	598	.
chrV	15566454	15566958	.	1000	.
chrV	15590065	15590726	.	568	.
chrV	15664082	15664774	.	731	.
chrV	15666797	15667004	.	1000	.
chrV	15766146	15766630	.	1000	.
chrV	15873730	15874194	.	573	.
chrV	15876105	15876870	.	780	.
chrV	15880557	15881239	.	1000	.
chrV	15887863	15888342	.	1000	.
chrV	15891282	15891789	.	843	.
chrV	15915886	15916387	.	1000	.
chrV	15978202	15978918	.	1000	.
chrV	15982659	15983130	.	848	.
chrV	16000438	16000912	.	1000	.
chrV	16024039	16024629	.	550	.
chrV	16043597	16044314	.	1000	.
chrV	16045915	16046206	.	1000	.
chrV	16075202	16075666	.	622	.
chrV	16100010	16100719	.	852	.
chrV	16143168	16143835	.	1000	.
chrV	16174045	16174517	.	696	.
chrV	16175229	16175987	.	1000	.
chrV	16232125	16232590	.	1000	.
chrV	16277901	16278365	.	1000	.
chrV	16288361	16289020	.	877	.
chrV	16301816	16302906	.	1000	.
chrV	16350944	16351425	.	658	.
chrV	16355856	16356369	.	1000	.
chrV	16401477	16401961	.	1000	.
chrV	16494331	16494798	.	1000	.
chrV	16592238	16592741	.	681	.
chrV	16593162	16593666	.	762	.
chrV	16594077	16594916	.	651	.
chrV	16595358	16595834	.	1000	.
chrV	16608462	16608950	.	810	.
chrV	16610065	16610529	.	1000	.
chrV	16627931	16628401	.	771	.
chrV	16635893	16636362	.	590	.
chrV	16725892	16726363	.	774	.
chrV	16814440	16814904	.	645	.
chrV	16816658	16817160	.	1000	.
chrV	16840259	16840723	.	1000	.
chrV	16910871	16911606	.	1000	.
chrV	16965631	16966720	.	1000	.
chrV	17009326	17009828	.	875	.
chrV	17014129	17014385	.	1000	.
chrV	17067667	17068133	.	564	.
chrV	17089219	17090399	.	1000	.
chrV	17159265	17159962	.	1000	.
chrV	17238805	17239469	.	1000	.
chrV	17240543	17241011	.	850	.
chrV	17241216	17241690	.	1000	.
chrV	17242944	17243679	.	1000	.
chrV	17335691	17336162	.	610	.
chrV	17339252	17339763	.	787	.
chrV	17352769	17353329	.	1000	.
chrV	17376600	17377071	.	820	.
chrV	17616755	17617248	.	957	.
chrV	17659257	17659845	.	1000	.
chrV	17662245	17662709	.	1000	.
chrV	17694242	17694730	.	610	.
chrV	17714268	17714758	.	1000	.
chrV	17721854	17722004	.	1000	.
chrV	17752364	17753086	.	1000	.
chrV	17978185	17978857	.	723	.
chrV	18191101	18191567	.	1000	.
chrV	18241322	18241786	.	1000	.
chrV	18244417	18244887	.	611	.
chrV	18246035	18246506	.	1000	.
chrV	18251471	18252597	.	999	.
chrV	18266160	18266843	.	972	.
chrV	18324456	18324957	.	860	.
chrV	18346086	18346410	.	1000	.
chrV	18371527	18371995	.	814	.
chrV	18461239	18461905	.	1000	.
chrV	18462294	18463032	.	672	.
chrV	18514910	18515573	.	624	.
chrV	18516664	18516811	.	1000	.
chrV	18576285	18576760	.	568	.
chrV	18577585	18577747	.	1000	.
chrV	18578234	18578904	.	1000	.
chrV	18701418	18701915	.	1000	.
chrV	18826396	18827100	.	1000	.
chrV	18901527	18901991	.	544	.
chrV	18957394	18958054	.	1000	.
chrV	18967596	18968097	.	1000	.
chrV	18990194	18990710	.	677	.
chrV	19050740	19051823	.	1000	.
chrV	19053249	19053937	.	1000	.
chrV	19158718	19158996	.	1000	.
chrV	19203277	19204020	.	968	.
chrV	19205310	19205829	.	1000	.
chrV	19206897	19207361	.	901	.
chrV	19212291	19212988	.	784	.
chrV	19230370	19230859	.	1000	.
chrV	19319555	19320021	.	702	.
chrV	19377006	19377473	.	1000	.
chrV	19410630	19411356	.	1000	.
chrV	19419245	19419739	.	694	.
chrV	19522623	19523106	.	1000	.
chrV	19527626	19527843	.	1000	.
chrV	19529151	19529626	.	798	.
chrV	19533446	19533925	.	1000	.
chrV	19643026	19643490	.	550	.
chrV	19672320	19672789	.	979	.
chrV	19697346	19697821	.	849	.
chrV	19755231	19755709	.	553	.
chrV	19788317	19788800	.	791	.
chrV	19846207	19846872	.	1000	.
chrV	19982010	19982483	.	865	.
chrV	20010797	20011619	.	963	.
chrV	20147629	20148096	.	1000	.
chrV	20162331	20162990	.	1000	.
chrV	20164517	20164895	.	1000	.
chrV	20374485	20374953	.	925	.
chrV	20413404	20413868	.	912	.
chrV	20418759	20419224	.	1000	.
chrV	20497618	20498161	.	579	.
chrV	20498888	20499359	.	1000	.
chrV	20526036	20526510	.	728	.
chrV	20544577	20545088	.	722	.
chrV	20555970	20556514	.	559	.
chrV	20580488	20580954	.	1000	.
chrV	20712262	20712744	.	1000	.
chrV	20728921	20729386	.	891	.
chrV	20770867	20771331	.	554	.
chrV	20778243	20778710	.	1000	.
chrV	20782215	20783388	.	751	.
chrV	20792413	20793153	.	1000	.
chrV	20866397	20866878	.	1000	.
chrV	20903345	20903809	.	648	.
chrX	11163	11673	.	704	.
chrX	299090	299554	.	568	.
chrX	353128	353602	.	573	.
chrX	410082	410553	.	1000	.
chrX	423738	424255	.	575	.
chrX	438951	439627	.	934	.
chrX	440395	440885	.	1000	.
chrX	529987	530457	.	1000	.
chrX	551230	551698	.	761	.
chrX	555075	555809	.	975	.
chrX	593336	594022	.	863	.
chrX	642946	643699	.	626	.
chrX	645525	646009	.	556	.
chrX	670565	671044	.	589	.
chrX	806453	806948	.	1000	.
chrX	815859	816325	.	657	.
chrX	825894	826369	.	548	.
chrX	938237	938967	.	1000	.
chrX	945644	946399	.	1000	.
chrX	978342	978570	.	1000	.
chrX	1010767	1011432	.	1000	.
chrX	1046365	1046841	.	911	.
chrX	1093102	1093619	.	653	.
chrX	1148395	1148859	.	1000	.
chrX	1245676	1246176	.	602	.
chrX	1272453	1272999	.	1000	.
chrX	1302226	1302746	.	584	.
chrX	1319683	1320150	.	669	.
chrX	1336952	1337416	.	1000	.
chrX	1344799	1345523	.	1000	.
chrX	1389348	1389843	.	1000	.
chrX	1446703	1447168	.	737	.
chrX	1454441	1454919	.	770	.
chrX	1478065	1478224	.	1000	.
chrX	1486178	1486711	.	1000	.
chrX	1503516	1504198	.	890	.
chrX	1504806	1505090	.	1000	.
chrX	1541035	1541717	.	1000	.
chrX	1543197	1543879	.	717	.
chrX	1626899	1627600	.	1000	.
chrX	1909314	1909995	.	776	.
chrX	2051556	2052331	.	676	.
chrX	2068225	2068948	.	591	.
chrX	2071598	2072070	.	748	.
chrX	2090509	2091008	.	1000	.
chrX	2107386	2107855	.	1000	.
chrX	2157798	2158269	.	1000	.
chrX	2178352	2178819	.	632	.
chrX	2203712	2204181	.	1000	.
chrX	2215090	2215832	.	982	.
chrX	2227150	2227922	.	760	.
chrX	2242779	2243445	.	982	.
chrX	2320505	2320977	.	784	.
chrX	2328661	2329345	.	580	.
chrX	2333453	2333944	.	704	.
chrX	2364643	2365303	.	960	.
chrX	2482491	2483227	.	675	.
chrX	2541082	2541566	.	562	.
chrX	2553321	2553981	.	936	.
chrX	2568991	2569650	.	1000	.
chrX	2580511	2581187	.	1000	.
chrX	2667774	2668287	.	713	.
chrX	2694670	2695684	.	1000	.
chrX	2698155	2698655	.	1000	.
chrX	2809569	2810061	.	1000	.
chrX	2836816	2837587	.	822	.
chrX	2838571	2839080	.	1000	.
chrX	2841754	2842224	.	1000	.
chrX	2852323	2852997	.	1000	.
chrX	2903629	2904098	.	859	.
chrX	2931773	2932981	.	1000	.
chrX	2972462	2973147	.	627	.
chrX	2996845	2997311	.	1000	.
chrX	3031599	3031808	.	1000	.
chrX	3035858	3036322	.	1000	.
chrX	3054464	3055207	.	565	.
chrX	3089785	3090464	.	1000	.
chrX	3092298	3092766	.	565	.
chrX	3099770	3100271	.	1000	.
chrX	3102160	3102657	.	866	.
chrX	3110564	3111074	.	879	.
chrX	3111795	3112476	.	595	.
chrX	3115701	3116187	.	602	.
chrX	3117181	3117648	.	1000	.
chrX	3127628	3128121	.	633	.
chrX	3153099	3153602	.	1000	.
chrX	3154530	3154994	.	840	.
chrX	3218334	3218798	.	1000	.
chrX	3235365	3235834	.	1000	.
chrX	3256887	3257097	.	1000	.
chrX	3283177	3283843	.	580	.
chrX	3285339	3285803	.	773	.
chrX	3290069	3290584	.	1000	.
chrX	3297794	3298260	.	1000	.
chrX	3333961	3334714	.	1000	.
chrX	3505289	3506021	.	1000	.
chrX	3534350	3534468	.	1000	.
chrX	3548623	3549108	.	671	.
chrX	3551096	3551561	.	763	.
chrX	3576188	3576652	.	1000	.
chrX	3597400	3598186	.	595	.
chrX	3605741	3606205	.	790	.
chrX	3613656	3614120	.	922	.
chrX	3678861	3679337	.	1000	.
chrX	3729001	3729465	.	1000	.
chrX	3819092	3819766	.	1000	.
chrX	3821979	3822488	.	823	.
chrX	3823975	3824201	.	1000	.
chrX	3824836	3825655	.	920	.
chrX	3829565	3830062	.	1000	.
chrX	3831919	3832445	.	1000	.
chrX	3842457	3842939	.	1000	.
chrX	3944086	3944793	.	1000	.
chrX	3968441	3969103	.	1000	.
chrX	3969916	3970403	.	983	.
chrX	4007786	4008357	.	1000	.
chrX	4008997	4009234	.	1000	.
chrX	4018768	4019867	.	754	.
chrX	4142097	4142565	.	820	.
chrX	4142864	4143328	.	879	.
chrX	4144527	4145404	.	1000	.
chrX	4190534	4191000	.	1000	.
chrX	4209065	4209730	.	1000	.
chrX	4222767	4223231	.	1000	.
chrX	4244450	4245533	.	1000	.
chrX	4246128	4247497	.	1000	.
chrX	4282297	4282795	.	821	.
chrX	4388810	4389285	.	631	.
chrX	4480743	4481218	.	1000	.
chrX	4497426	4498451	.	1000	.
chrX	4522007	4522790	.	555	.
chrX	4524975	4525520	.	590	.
chrX	4528861	4529600	.	1000	.
chrX	4532168	4532689	.	1000	.
chrX	4564681	4565347	.	1000	.
chrX	4567072	4567536	.	687	.
chrX	4606433	4606978	.	1000	.
chrX	4636099	4636583	.	722	.
chrX	4662127	4662838	.	1000	.
chrX	4672575	4673596	.	658	.
chrX	4698241	4698721	.	1000	.
chrX	4699989	4700508	.	969	.
chrX	4706762	4707280	.	1000	.
chrX	4711825	4712289	.	1000	.
chrX	4794038	4794610	.	1000	.
chrX	4795396	4795645	.	1000	.
chrX	4818864	4819348	.	995	.
chrX	4822182	4822686	.	685	.
chrX	4853064	4853530	.	709	.
chrX	5077649	5078113	.	769	.
chrX	5109113	5109578	.	1000	.
chrX	5164971	5165454	.	995	.
chrX	5213428	5214095	.	1000	.
chrX	5216243	5217056	.	783	.
chrX	5252744	5253227	.	705	.
chrX	5256935	5257457	.	597	.
chrX	5278967	5279697	.	1000	.
chrX	5429315	5429976	.	1000	.
chrX	5465612	5466102	.	679	.
chrX	5467245	5468297	.	1000	.
chrX	5479652	5480637	.	1000	.
chrX	5522872	5523567	.	1000	.
chrX	5524258	5524722	.	778	.
chrX	5669780	5670245	.	666	.
chrX	5696089	5696565	.	1000	.
chrX	5714266	5714734	.	771	.
chrX	5715354	5716422	.	1000	.
chrX	5775845	5776377	.	581	.
chrX	5801148	5801612	.	968	.
chrX	5813041	5813508	.	1000	.
chrX	5831753	5832293	.	692	.
chrX	5834724	5835208	.	1000	.
chrX	5839560	5840059	.	549	.
chrX	5841075	5841541	.	1000	.
chrX	5962467	5963002	.	1000	.
chrX	5985689	5986155	.	791	.
chrX	6024942	6025823	.	1000	.
chrX	6057375	6057839	.	1000	.
chrX	6059333	6059804	.	1000	.
chrX	6091924	6092393	.	1000	.
chrX	6169184	6169665	.	1000	.
chrX	6207572	6208068	.	1000	.
chrX	6251960	6252986	.	1000	.
chrX	6253813	6254551	.	1000	.
chrX	6255481	6255978	.	1000	.
chrX	6256271	6256735	.	888	.
chrX	6256857	6257380	.	547	.
chrX	6271673	6272156	.	970	.
chrX	6296264	6296977	.	1000	.
chrX	6338398	6338886	.	1000	.
chrX	6377860	6378521	.	891	.
chrX	6408002	6408718	.	1000	.
chrX	6427114	6427587	.	1000	.
chrX	6429513	6430009	.	1000	.
chrX	6445165	6445651	.	728	.
chrX	6456496	6457155	.	1000	.
chrX	6458024	6458772	.	1000	.
chrX	6462969	6463436	.	913	.
chrX	6476529	6477014	.	747	.
chrX	6517519	6517696	.	1000	.
chrX	6518505	6518965	.	1000	.
chrX	6522669	6523150	.	1000	.
chrX	6536602	6537066	.	558	.
chrX	6537975	6538683	.	1000	.
chrX	6551632	6552374	.	1000	.
chrX	6606936	6607437	.	1000	.
chrX	6638859	6639396	.	756	.
chrX	6644975	6645480	.	684	.
chrX	6654155	6654849	.	578	.
chrX	6665382	6665910	.	687	.
chrX	6722946	6723414	.	584	.
chrX	6728799	6729466	.	811	.
chrX	6736229	6736695	.	993	.
chrX	6737617	6738295	.	1000	.
chrX	6739256	6739813	.	806	.
chrX	6743916	6744440	.	1000	.
chrX	6747764	6748281	.	1000	.
chrX	6749032	6749695	.	1000	.
chrX	6750049	6750713	.	1000	.
chrX	6761688	6762178	.	870	.
chrX	6784139	6784618	.	602	.
chrX	6788915	6789628	.	1000	.
chrX	6792476	6793035	.	786	.
chrX	6804775	6805251	.	1000	.
chrX	6807138	6807847	.	1000	.
chrX	6885325	6886013	.	1000	.
chrX	6905512	6905976	.	1000	.
chrX	6924418	6924894	.	1000	.
chrX	6928464	6928928	.	560	.
chrX	7068329	7068817	.	1000	.
chrX	7124027	7124687	.	835	.
chrX	7125156	7125622	.	806	.
chrX	7139563	7140036	.	1000	.
chrX	7181553	7182254	.	1000	.
chrX	7200420	7201099	.	1000	.
chrX	7233463	7233970	.	644	.
chrX	7244689	7245225	.	1000	.
chrX	7264962	7265731	.	616	.
chrX	7291781	7292250	.	915	.
chrX	7305653	7306290	.	550	.
chrX	7315330	7315972	.	1000	.
chrX	7316495	7317162	.	1000	.
chrX	7318648	7319112	.	1000	.
chrX	7320398	7320545	.	1000	.
chrX	7323541	7324242	.	1000	.
chrX	7334209	7334873	.	830	.
chrX	7340773	7341439	.	1000	.
chrX	7343217	7343681	.	545	.
chrX	7500933	7501425	.	797	.
chrX	7575850	7576361	.	575	.
chrX	7578341	7578808	.	1000	.
chrX	7725645	7725894	.	1000	.
chrX	7798561	7799025	.	704	.
chrX	7811537	7812257	.	711	.
chrX	7814662	7815188	.	692	.
chrX	7823048	7823533	.	1000	.
chrX	7901820	7902298	.	693	.
chrX	7951521	7952626	.	1000	.
chrX	7962175	7962645	.	1000	.
chrX	7986904	7987407	.	1000	.
chrX	8014500	8015045	.	675	.
chrX	8017201	8018270	.	871	.
chrX	8018763	8019279	.	674	.
chrX	8019679	8020409	.	1000	.
chrX	8022664	8023385	.	1000	.
chrX	8026744	8027531	.	1000	.
chrX	8036218	8036893	.	1000	.
chrX	8069241	8069705	.	1000	.
chrX	8083200	8084579	.	1000	.
chrX	8098868	8099561	.	945	.
chrX	8210951	8211482	.	1000	.
chrX	8231807	8232296	.	1000	.
chrX	8238632	8239165	.	1000	.
chrX	8241853	8242554	.	1000	.
chrX	8243066	8243535	.	1000	.
chrX	8323352	8324109	.	772	.
chrX	8356249	8356741	.	938	.
chrX	8404174	8404921	.	908	.
chrX	8463163	8463968	.	558	.
chrX	8470320	8470787	.	1000	.
chrX	8473534	8473746	.	1000	.
chrX	8492713	8493181	.	1000	.
chrX	8546043	8546559	.	1000	.
chrX	8548875	8549625	.	1000	.
chrX	8564328	8564893	.	543	.
chrX	8568572	8569253	.	1000	.
chrX	8674436	8674921	.	1000	.
chrX	8675927	8676482	.	561	.
chrX	8712630	8713323	.	1000	.
chrX	8713753	8714282	.	665	.
chrX	8714793	8715284	.	641	.
chrX	8750197	8750667	.	1000	.
chrX	8755979	8756644	.	1000	.
chrX	8757874	8758368	.	559	.
chrX	8810942	8811424	.	1000	.
chrX	8811907	8812371	.	1000	.
chrX	8820564	8821068	.	701	.
chrX	8824406	8824893	.	1000	.
chrX	8846796	8847266	.	743	.
chrX	8932346	8932806	.	1000	.
chrX	9034257	9034723	.	757	.
chrX	9035148	9035695	.	662	.
chrX	9036164	9036628	.	900	.
chrX	9081227	9081933	.	627	.
chrX	9096815	9097292	.	856	.
chrX	9105005	9105498	.	714	.
chrX	9210012	9210536	.	652	.
chrX	9212618	9213085	.	700	.
chrX	9213845	9214506	.	1000	.
chrX	9261446	9262146	.	869	.
chrX	9264634	9265135	.	1000	.
chrX	9271806	9272318	.	1000	.
chrX	9347468	9348016	.	541	.
chrX	9364014	9364511	.	1000	.
chrX	9368828	9369304	.	676	.
chrX	9427998	9428473	.	1000	.
chrX	9430992	9431463	.	928	.
chrX	9465793	9466311	.	1000	.
chrX	9539658	9540132	.	753	.
chrX	9540401	9540865	.	1000	.
chrX	9547430	9547903	.	660	.
chrX	9552376	9553488	.	1000	.
chrX	9560879	9561381	.	575	.
chrX	9568591	9569071	.	819	.
chrX	9639009	9639527	.	795	.
chrX	9676745	9677209	.	655	.
chrX	9679417	9679884	.	1000	.
chrX	9680191	9680672	.	1000	.
chrX	9687224	9687717	.	945	.
chrX	9743433	9743916	.	894	.
chrX	9782469	9783136	.	636	.
chrX	9858046	9858510	.	1000	.
chrX	9862895	9863621	.	1000	.
chrX	9892235	9892818	.	545	.
chrX	9958564	9959041	.	1000	.
chrX	10051593	10052074	.	1000	.
chrX	10053608	10054281	.	1000	.
chrX	10054431	10054895	.	1000	.
chrX	10084063	10084399	.	1000	.
chrX	10142021	10142372	.	1000	.
chrX	10216229	10216716	.	960	.
chrX	10218706	10219373	.	1000	.
chrX	10331927	10332601	.	1000	.
chrX	10333318	10333851	.	907	.
chrX	10340904	10341379	.	758	.
chrX	10377624	10378109	.	727	.
chrX	10395147	10395614	.	732	.
chrX	10430926	10431397	.	855	.
chrX	10528894	10529573	.	1000	.
chrX	10532251	10532911	.	1000	.
chrX	10533356	10533850	.	742	.
chrX	10542149	10542662	.	718	.
chrX	10568123	10569176	.	1000	.
chrX	10597777	10598251	.	751	.
chrX	10630399	10630863	.	1000	.
chrX	10631868	10632640	.	708	.
chrX	10650125	10650596	.	591	.
chrX	10694199	10694734	.	1000	.
chrX	10748154	10748620	.	699	.
chrX	10766098	10766764	.	1000	.
chrX	10770827	10771349	.	713	.
chrX	10772115	10772579	.	1000	.
chrX	10780448	10780935	.	656	.
chrX	10877344	10877840	.	922	.
chrX	10901737	10902402	.	1000	.
chrX	10990174	10990665	.	720	.
chrX	11007345	11007817	.	645	.
chrX	11007972	11008484	.	1000	.
chrX	11031263	11031727	.	872	.
chrX	11036602	11037370	.	1000	.
chrX	11047294	11047491	.	1000	.
chrX	11080103	11080787	.	946	.
chrX	11094113	11094652	.	1000	.
chrX	11132260	11132729	.	1000	.
chrX	11206953	11207629	.	1000	.
chrX	11250932	11251416	.	1000	.
chrX	11264653	11265317	.	644	.
chrX	11317897	11318406	.	564	.
chrX	11324202	11324669	.	1000	.
chrX	11339306	11339779	.	901	.
chrX	11351213	11351941	.	1000	.
chrX	11400414	11400879	.	767	.
chrX	11407937	11408432	.	1000	.
chrX	11409401	11410105	.	921	.
chrX	11426339	11427067	.	614	.
chrX	11447602	11448097	.	1000	.
chrX	11464121	11464601	.	1000	.
chrX	11480955	11482041	.	900	.
chrX	11482697	11483178	.	851	.
chrX	11499698	11500173	.	703	.
chrX	11509502	11509966	.	997	.
chrX	11515328	11515792	.	1000	.
chrX	11519018	11519488	.	1000	.
chrX	11605771	11606455	.	1000	.
chrX	11645456	11645972	.	567	.
chrX	11661567	11662034	.	1000	.
chrX	11680797	11681293	.	889	.
chrX	11723735	11724216	.	1000	.
chrX	11727710	11728221	.	1000	.
chrX	11738551	11739015	.	1000	.
chrX	11791522	11792477	.	1000	.
chrX	11792705	11793180	.	894	.
chrX	11909105	11909569	.	1000	.
chrX	11937288	11937948	.	1000	.
chrX	11962317	11962979	.	1000	.
chrX	11965581	11966356	.	1000	.
chrX	11967967	11968462	.	1000	.
chrX	12001575	12002378	.	627	.
chrX	12017843	12018408	.	728	.
chrX	12146408	12146893	.	833	.
chrX	12154053	12154908	.	663	.
chrX	12174630	12175476	.	685	.
chrX	12176881	12177352	.	704	.
chrX	12222477	12223154	.	838	.
chrX	12230209	12230872	.	565	.
chrX	12362972	12363690	.	1000	.
chrX	12393773	12394237	.	592	.
chrX	12435176	12435647	.	551	.
chrX	12466713	12467210	.	885	.
chrX	12480375	12481138	.	1000	.
chrX	12500820	12501184	.	1000	.
chrX	12509315	12509806	.	1000	.
chrX	12517549	12518065	.	578	.
chrX	12518389	12519053	.	1000	.
chrX	12595903	12596432	.	828	.
chrX	12627748	12628215	.	1000	.
chrX	12630509	12631098	.	576	.
chrX	12668066	12668739	.	896	.
chrX	12691312	12691776	.	1000	.
chrX	12759683	12760156	.	929	.
chrX	12779421	12779925	.	752	.
chrX	12780575	12781098	.	813	.
chrX	12783094	12783805	.	666	.
chrX	12872319	12872639	.	1000	.
chrX	12873626	12874090	.	637	.
chrX	12876829	12877327	.	808	.
chrX	12889686	12890499	.	1000	.
chrX	12911166	12911867	.	1000	.
chrX	12979769	12980236	.	965	.
chrX	13046287	13046918	.	569	.
chrX	13059935	13060406	.	772	.
chrX	13104868	13105354	.	1000	.
chrX	13143915	13144608	.	1000	.
chrX	13145087	13145623	.	863	.
chrX	13158972	13159436	.	1000	.
chrX	13162329	13162929	.	681	.
chrX	13163190	13163660	.	1000	.
chrX	13165747	13166325	.	1000	.
chrX	13225131	13225842	.	1000	.
chrX	13247537	13248030	.	600	.
chrX	13250128	13250592	.	1000	.
chrX	13257481	13257982	.	1000	.
chrX	13310663	13311153	.	937	.
chrX	13311570	13312066	.	680	.
chrX	13318214	13319342	.	1000	.
chrX	13333768	13334311	.	598	.
chrX	13339012	13339587	.	657	.
chrX	13348368	13348900	.	693	.
chrX	13349361	13350198	.	1000	.
chrX	13352067	13352548	.	698	.
chrX	13353443	13353908	.	586	.
chrX	13354650	13355418	.	552	.
chrX	13358465	13358953	.	1000	.
chrX	13360574	13361096	.	1000	.
chrX	13396547	13397011	.	1000	.
chrX	13415695	13416159	.	1000	.
chrX	13421031	13421514	.	831	.
chrX	13514364	13514830	.	975	.
chrX	13527416	13527882	.	1000	.
chrX	13528641	13529172	.	1000	.
chrX	13665336	13665996	.	723	.
chrX	13669596	13670137	.	646	.
chrX	13700645	13701132	.	1000	.
chrX	13714618	13715118	.	560	.
chrX	13717254	13717774	.	744	.
chrX	13730175	13731157	.	1000	.
chrX	13746130	13746796	.	588	.
chrX	13760005	13760486	.	969	.
chrX	13772721	13773222	.	1000	.
chrX	13803254	13803422	.	1000	.
chrX	13804515	13805303	.	821	.
chrX	13884110	13884574	.	1000	.
chrX	13937373	13937837	.	1000	.
chrX	13947246	13947713	.	742	.
chrX	13969484	13970152	.	1000	.
chrX	13980436	13980900	.	607	.
chrX	14015687	14016151	.	588	.
chrX	14063737	14064282	.	998	.
chrX	14070841	14071317	.	964	.
chrX	14161873	14162362	.	609	.
chrX	14169619	14170096	.	930	.
chrX	14194214	14194696	.	1000	.
chrX	14197062	14197542	.	547	.
chrX	14207891	14208369	.	1000	.
chrX	14214664	14214831	.	1000	.
chrX	14477377	14477841	.	593	.
chrX	14500660	14501323	.	1000	.
chrX	14502120	14502819	.	1000	.
chrX	14503464	14504896	.	1000	.
chrX	14505892	14506356	.	1000	.
chrX	14514964	14515428	.	826	.
chrX	14525617	14526360	.	1000	.
chrX	14539357	14539888	.	562	.
chrX	14557756	14558478	.	1000	.
chrX	14560213	14560677	.	1000	.
chrX	14602649	14603128	.	867	.
chrX	14707944	14708627	.	842	.
chrX	14737163	14737648	.	920	.
chrX	14739406	14740183	.	716	.
chrX	14746919	14747422	.	963	.
chrX	14753461	14753929	.	561	.
chrX	14768968	14769437	.	770	.
chrX	14786623	14787351	.	963	.
chrX	14787499	14787971	.	992	.
chrX	14790479	14791144	.	1000	.
chrX	14793328	14793810	.	916	.
chrX	14809896	14810383	.	595	.
chrX	14810699	14811451	.	740	.
chrX	14813316	14813786	.	621	.
chrX	14816704	14817215	.	941	.
chrX	14818751	14819415	.	1000	.
chrX	14841091	14841586	.	552	.
chrX	14853744	14854439	.	890	.
chrX	14946373	14946837	.	1000	.
chrX	15003992	15004540	.	622	.
chrX	15047963	15048780	.	673	.
chrX	15097697	15098161	.	1000	.
chrX	15167316	15168105	.	553	.
chrX	15173500	15173968	.	932	.
chrX	15200744	15201214	.	804	.
chrX	15273563	15274296	.	1000	.
chrX	15275248	15275814	.	594	.
chrX	15276131	15276830	.	1000	.
chrX	15339944	15340661	.	1000	.
chrX	15382850	15383333	.	566	.
chrX	15408557	15409039	.	1000	.
chrX	15423984	15424452	.	881	.
chrX	15440933	15441599	.	1000	.
chrX	15544568	15545235	.	641	.
chrX	15598652	15599127	.	1000	.
chrX	15604268	15604972	.	628	.
chrX	15607464	15607928	.	1000	.
chrX	15610416	15611077	.	1000	.
chrX	15619190	15619855	.	837	.
chrX	15629622	15630283	.	735	.
chrX	15689125	15689678	.	656	.
chrX	15704554	15705292	.	1000	.
chrX	15709396	15709878	.	759	.
chrX	15770119	15770590	.	928	.
chrX	15779554	15780031	.	1000	.
chrX	15841024	15841495	.	1000	.
chrX	15846578	15847042	.	569	.
chrX	15860510	15861192	.	596	.
chrX	15939763	15940227	.	922	.
chrX	16024460	16024945	.	634	.
chrX	16056318	16056789	.	1000	.
chrX	16130192	16130657	.	731	.
chrX	16163370	16164034	.	1000	.
chrX	16166413	16166923	.	961	.
chrX	16192636	16192857	.	1000	.
chrX	16205764	16206581	.	1000	.
chrX	16260013	16260736	.	707	.
chrX	16275279	16275773	.	594	.
chrX	16346393	16347064	.	1000	.
chrX	16348966	16349430	.	1000	.
chrX	16377822	16378291	.	610	.
chrX	16413529	16413997	.	650	.
chrX	16456603	16457069	.	959	.
chrX	16550481	16550949	.	1000	.
chrX	16612172	16612929	.	1000	.
chrX	16644864	16645347	.	953	.
chrX	16681860	16682329	.	1000	.
chrX	16726862	16727326	.	1000	.
chrX	16775224	16775709	.	1000	.
chrX	16793089	16793651	.	672	.
chrX	16796818	16797298	.	554	.
chrX	16798414	16799244	.	1000	.
chrX	16871404	16871919	.	624	.
chrX	16929548	16930354	.	1000	.
chrX	16930635	16931478	.	638	.
chrX	16961312	16961776	.	867	.
chrX	16995870	16996585	.	712	.
chrX	17055967	17056491	.	640	.
chrX	17063742	17064508	.	582	.
chrX	17064772	17065436	.	1000	.
chrX	17066921	17067392	.	791	.
chrX	17135665	17136132	.	764	.
chrX	17139316	17139848	.	1000	.
chrX	17140443	17140999	.	1000	.
chrX	17146498	17146975	.	973	.
chrX	17185631	17186151	.	564	.
chrX	17216022	17216508	.	604	.
chrX	17217062	17217745	.	595	.
chrX	17255774	17256314	.	1000	.
chrX	17256861	17257029	.	1000	.
chrX	17375816	17376374	.	654	.
chrX	17378942	17379432	.	623	.
chrX	17471685	17472157	.	1000	.
chrX	17475901	17476371	.	568	.
chrX	17479948	17480439	.	805	.
chrX	17505699	17506163	.	1000	.
chrX	17509019	17509541	.	735	.
chrX	17534038	17534507	.	916	.
chrX	17544283	17544949	.	1000	.
chrX	17600102	17600571	.	1000	.
chrX	17601231	17601920	.	1000	.
chrX	17610565	17611232	.	724	.
chrX	17630830	17631524	.	1000	.
chrX	17636276	17636938	.	928	.
chrX	17638375	17638870	.	796	.
chrX	17714259	17714726	.	603	.
