motif_id	motif_alt_id	sequence_name	start	stop	strand	score	p-value	q-value	matched_sequence
M0346_1.02	zip-3	ELT2peak02640	11	19	+	11.3609	1.9e-06	0.0673	GTGACGTCA
M0346_1.02	zip-3	ELT2peak08650	11	19	-	11.3609	1.9e-06	0.0673	GTGACGTCA
M0346_1.02	zip-3	ELT2peak02640	12	20	-	11.3609	1.9e-06	0.0673	GTGACGTCA
M0346_1.02	zip-3	ELT2peak03484	27	35	+	11.3609	1.9e-06	0.0673	GTGACGTCA
M0346_1.02	zip-3	ELT2peak03484	28	36	-	11.3609	1.9e-06	0.0673	GTGACGTCA
M0346_1.02	zip-3	ELT2peak01400	54	62	+	11.3609	1.9e-06	0.0673	GTGACGTCA
M0346_1.02	zip-3	ELT2peak05413	54	62	+	11.3609	1.9e-06	0.0673	GTGACGTCA
M0346_1.02	zip-3	ELT2peak04279	52	60	-	11.3609	1.9e-06	0.0673	GTGACGTCA
M0346_1.02	zip-3	ELT2peak09476	52	60	-	11.3609	1.9e-06	0.0673	GTGACGTCA
M0346_1.02	zip-3	ELT2peak01400	55	63	-	11.3609	1.9e-06	0.0673	GTGACGTCA
M0346_1.02	zip-3	ELT2peak08110	68	76	-	11.3609	1.9e-06	0.0673	GTGACGTCA
M0346_1.02	zip-3	ELT2peak00178	139	147	-	11.3609	1.9e-06	0.0673	GTGACGTCA
M0346_1.02	zip-3	ELT2peak09306	152	160	-	11.3609	1.9e-06	0.0673	GTGACGTCA
M0346_1.02	zip-3	ELT2peak06244	158	166	-	11.3609	1.9e-06	0.0673	GTGACGTCA
M0346_1.02	zip-3	ELT2peak01837	186	194	+	11.3609	1.9e-06	0.0673	GTGACGTCA
M0346_1.02	zip-3	ELT2peak02828	194	202	+	11.3609	1.9e-06	0.0673	GTGACGTCA
M0346_1.02	zip-3	ELT2peak01837	187	195	-	11.3609	1.9e-06	0.0673	GTGACGTCA
M0346_1.02	zip-3	ELT2peak10772	200	208	+	11.3609	1.9e-06	0.0673	GTGACGTCA
M0346_1.02	zip-3	ELT2peak01759	202	210	+	11.3609	1.9e-06	0.0673	GTGACGTCA
M0346_1.02	zip-3	ELT2peak02828	195	203	-	11.3609	1.9e-06	0.0673	GTGACGTCA
M0346_1.02	zip-3	ELT2peak06244	204	212	+	11.3609	1.9e-06	0.0673	GTGACGTCA
M0346_1.02	zip-3	ELT2peak00041	210	218	+	11.3609	1.9e-06	0.0673	GTGACGTCA
M0346_1.02	zip-3	ELT2peak01759	203	211	-	11.3609	1.9e-06	0.0673	GTGACGTCA
M0346_1.02	zip-3	ELT2peak09408	206	214	-	11.3609	1.9e-06	0.0673	GTGACGTCA
M0346_1.02	zip-3	ELT2peak05866	228	236	+	11.3609	1.9e-06	0.0673	GTGACGTCA
M0346_1.02	zip-3	ELT2peak08449	223	231	-	11.3609	1.9e-06	0.0673	GTGACGTCA
M0346_1.02	zip-3	ELT2peak09064	228	236	-	11.3609	1.9e-06	0.0673	GTGACGTCA
M0346_1.02	zip-3	ELT2peak00467	238	246	+	11.3609	1.9e-06	0.0673	GTGACGTCA
M0346_1.02	zip-3	ELT2peak00467	239	247	-	11.3609	1.9e-06	0.0673	GTGACGTCA
M0346_1.02	zip-3	ELT2peak00113	254	262	+	11.3609	1.9e-06	0.0673	GTGACGTCA
M0346_1.02	zip-3	ELT2peak00812	256	264	+	11.3609	1.9e-06	0.0673	GTGACGTCA
M0346_1.02	zip-3	ELT2peak00113	255	263	-	11.3609	1.9e-06	0.0673	GTGACGTCA
M0346_1.02	zip-3	ELT2peak01535	265	273	+	11.3609	1.9e-06	0.0673	GTGACGTCA
M0346_1.02	zip-3	ELT2peak07191	266	274	-	11.3609	1.9e-06	0.0673	GTGACGTCA
M0346_1.02	zip-3	ELT2peak01535	266	274	-	11.3609	1.9e-06	0.0673	GTGACGTCA
M0346_1.02	zip-3	ELT2peak05880	285	293	+	11.3609	1.9e-06	0.0673	GTGACGTCA
M0346_1.02	zip-3	ELT2peak05880	286	294	-	11.3609	1.9e-06	0.0673	GTGACGTCA
M0346_1.02	zip-3	ELT2peak08756	288	296	-	11.3609	1.9e-06	0.0673	GTGACGTCA
M0346_1.02	zip-3	ELT2peak04784	290	298	-	11.3609	1.9e-06	0.0673	GTGACGTCA
M0346_1.02	zip-3	ELT2peak04870	332	340	+	11.3609	1.9e-06	0.0673	GTGACGTCA
M0346_1.02	zip-3	ELT2peak10496	328	336	-	11.3609	1.9e-06	0.0673	GTGACGTCA
M0346_1.02	zip-3	ELT2peak01784	342	350	+	11.3609	1.9e-06	0.0673	GTGACGTCA
M0346_1.02	zip-3	ELT2peak10174	345	353	+	11.3609	1.9e-06	0.0673	GTGACGTCA
M0346_1.02	zip-3	ELT2peak04632	364	372	+	11.3609	1.9e-06	0.0673	GTGACGTCA
M0346_1.02	zip-3	ELT2peak07341	382	390	+	11.3609	1.9e-06	0.0673	GTGACGTCA
M0346_1.02	zip-3	ELT2peak05138	374	382	-	11.3609	1.9e-06	0.0673	GTGACGTCA
M0346_1.02	zip-3	ELT2peak06930	390	398	+	11.3609	1.9e-06	0.0673	GTGACGTCA
M0346_1.02	zip-3	ELT2peak08956	394	402	+	11.3609	1.9e-06	0.0673	GTGACGTCA
M0346_1.02	zip-3	ELT2peak04783	394	402	+	11.3609	1.9e-06	0.0673	GTGACGTCA
M0346_1.02	zip-3	ELT2peak08956	395	403	-	11.3609	1.9e-06	0.0673	GTGACGTCA
M0346_1.02	zip-3	ELT2peak08142	404	412	-	11.3609	1.9e-06	0.0673	GTGACGTCA
M0346_1.02	zip-3	ELT2peak03170	416	424	+	11.3609	1.9e-06	0.0673	GTGACGTCA
M0346_1.02	zip-3	ELT2peak00080	412	420	-	11.3609	1.9e-06	0.0673	GTGACGTCA
M0346_1.02	zip-3	ELT2peak07038	421	429	+	11.3609	1.9e-06	0.0673	GTGACGTCA
M0346_1.02	zip-3	ELT2peak03170	417	425	-	11.3609	1.9e-06	0.0673	GTGACGTCA
M0346_1.02	zip-3	ELT2peak04785	440	448	-	11.3609	1.9e-06	0.0673	GTGACGTCA
M0346_1.02	zip-3	ELT2peak08142	449	457	+	11.3609	1.9e-06	0.0673	GTGACGTCA
M0346_1.02	zip-3	ELT2peak08142	450	458	-	11.3609	1.9e-06	0.0673	GTGACGTCA
M0346_1.02	zip-3	ELT2peak05086	454	462	-	11.3609	1.9e-06	0.0673	GTGACGTCA
M0346_1.02	zip-3	ELT2peak06855	463	471	+	11.3609	1.9e-06	0.0673	GTGACGTCA
M0346_1.02	zip-3	ELT2peak06855	464	472	-	11.3609	1.9e-06	0.0673	GTGACGTCA
M0346_1.02	zip-3	ELT2peak00302	473	481	+	11.3609	1.9e-06	0.0673	GTGACGTCA
M0346_1.02	zip-3	ELT2peak06855	488	496	+	11.3609	1.9e-06	0.0673	GTGACGTCA
M0346_1.02	zip-3	ELT2peak08961	489	497	+	11.3609	1.9e-06	0.0673	GTGACGTCA
M0346_1.02	zip-3	ELT2peak03155	487	495	-	11.3609	1.9e-06	0.0673	GTGACGTCA
M0346_1.02	zip-3	ELT2peak05049	488	496	-	11.3609	1.9e-06	0.0673	GTGACGTCA
M0346_1.02	zip-3	ELT2peak06855	489	497	-	11.3609	1.9e-06	0.0673	GTGACGTCA
M0346_1.02	zip-3	ELT2peak08961	490	498	-	11.3609	1.9e-06	0.0673	GTGACGTCA
M0346_1.02	zip-3	ELT2peak07614	103	111	+	11.2071	2.95e-06	0.0946	GTGACGCCA
M0346_1.02	zip-3	ELT2peak01447	111	119	-	11.2071	2.95e-06	0.0946	GTGACGCCA
M0346_1.02	zip-3	ELT2peak04593	229	237	-	11.2071	2.95e-06	0.0946	GTGACGCCA
M0346_1.02	zip-3	ELT2peak02928	280	288	-	11.2071	2.95e-06	0.0946	GTGACGCCA
M0346_1.02	zip-3	ELT2peak01737	293	301	+	11.2071	2.95e-06	0.0946	GTGACGCCA
M0346_1.02	zip-3	ELT2peak03745	305	313	+	11.2071	2.95e-06	0.0946	GTGACGCCA
M0346_1.02	zip-3	ELT2peak05977	487	495	+	11.2071	2.95e-06	0.0946	GTGACGCCA
M0346_1.02	zip-3	ELT2peak08650	10	18	+	11.0533	6.41e-06	0.107	ATGACGTCA
M0346_1.02	zip-3	ELT2peak01674	39	47	+	11.0533	6.41e-06	0.107	ATGACGTCA
M0346_1.02	zip-3	ELT2peak01674	40	48	-	11.0533	6.41e-06	0.107	ATGACGTCA
M0346_1.02	zip-3	ELT2peak04279	51	59	+	11.0533	6.41e-06	0.107	ATGACGTCA
M0346_1.02	zip-3	ELT2peak08544	63	71	-	11.0533	6.41e-06	0.107	ATGACGTCA
M0346_1.02	zip-3	ELT2peak09476	83	91	+	11.0533	6.41e-06	0.107	ATGACGTCA
M0346_1.02	zip-3	ELT2peak01654	83	91	+	11.0533	6.41e-06	0.107	ATGACGTCA
M0346_1.02	zip-3	ELT2peak02957	90	98	+	11.0533	6.41e-06	0.107	ATGACGTCA
M0346_1.02	zip-3	ELT2peak09476	84	92	-	11.0533	6.41e-06	0.107	ATGACGTCA
M0346_1.02	zip-3	ELT2peak01654	84	92	-	11.0533	6.41e-06	0.107	ATGACGTCA
M0346_1.02	zip-3	ELT2peak05442	99	107	+	11.0533	6.41e-06	0.107	ATGACGTCA
M0346_1.02	zip-3	ELT2peak02957	91	99	-	11.0533	6.41e-06	0.107	ATGACGTCA
M0346_1.02	zip-3	ELT2peak05442	100	108	-	11.0533	6.41e-06	0.107	ATGACGTCA
M0346_1.02	zip-3	ELT2peak02957	115	123	+	11.0533	6.41e-06	0.107	ATGACGTCA
M0346_1.02	zip-3	ELT2peak04928	118	126	+	11.0533	6.41e-06	0.107	ATGACGTCA
M0346_1.02	zip-3	ELT2peak02957	116	124	-	11.0533	6.41e-06	0.107	ATGACGTCA
M0346_1.02	zip-3	ELT2peak04928	119	127	-	11.0533	6.41e-06	0.107	ATGACGTCA
M0346_1.02	zip-3	ELT2peak07344	133	141	+	11.0533	6.41e-06	0.107	ATGACGTCA
M0346_1.02	zip-3	ELT2peak00959	134	142	+	11.0533	6.41e-06	0.107	ATGACGTCA
M0346_1.02	zip-3	ELT2peak00959	135	143	-	11.0533	6.41e-06	0.107	ATGACGTCA
M0346_1.02	zip-3	ELT2peak01632	159	167	+	11.0533	6.41e-06	0.107	ATGACGTCA
M0346_1.02	zip-3	ELT2peak09030	162	170	+	11.0533	6.41e-06	0.107	ATGACGTCA
M0346_1.02	zip-3	ELT2peak01632	160	168	-	11.0533	6.41e-06	0.107	ATGACGTCA
M0346_1.02	zip-3	ELT2peak02298	168	176	+	11.0533	6.41e-06	0.107	ATGACGTCA
M0346_1.02	zip-3	ELT2peak09030	163	171	-	11.0533	6.41e-06	0.107	ATGACGTCA
M0346_1.02	zip-3	ELT2peak01759	186	194	+	11.0533	6.41e-06	0.107	ATGACGTCA
M0346_1.02	zip-3	ELT2peak02121	185	193	-	11.0533	6.41e-06	0.107	ATGACGTCA
M0346_1.02	zip-3	ELT2peak01759	187	195	-	11.0533	6.41e-06	0.107	ATGACGTCA
M0346_1.02	zip-3	ELT2peak09278	191	199	-	11.0533	6.41e-06	0.107	ATGACGTCA
M0346_1.02	zip-3	ELT2peak09408	205	213	+	11.0533	6.41e-06	0.107	ATGACGTCA
M0346_1.02	zip-3	ELT2peak10772	201	209	-	11.0533	6.41e-06	0.107	ATGACGTCA
M0346_1.02	zip-3	ELT2peak01536	211	219	-	11.0533	6.41e-06	0.107	ATGACGTCA
M0346_1.02	zip-3	ELT2peak02850	221	229	+	11.0533	6.41e-06	0.107	ATGACGTCA
M0346_1.02	zip-3	ELT2peak08449	222	230	+	11.0533	6.41e-06	0.107	ATGACGTCA
M0346_1.02	zip-3	ELT2peak02850	222	230	-	11.0533	6.41e-06	0.107	ATGACGTCA
M0346_1.02	zip-3	ELT2peak05866	229	237	-	11.0533	6.41e-06	0.107	ATGACGTCA
M0346_1.02	zip-3	ELT2peak01814	243	251	+	11.0533	6.41e-06	0.107	ATGACGTCA
M0346_1.02	zip-3	ELT2peak07228	248	256	+	11.0533	6.41e-06	0.107	ATGACGTCA
M0346_1.02	zip-3	ELT2peak06430	241	249	-	11.0533	6.41e-06	0.107	ATGACGTCA
M0346_1.02	zip-3	ELT2peak01814	244	252	-	11.0533	6.41e-06	0.107	ATGACGTCA
M0346_1.02	zip-3	ELT2peak04351	247	255	-	11.0533	6.41e-06	0.107	ATGACGTCA
M0346_1.02	zip-3	ELT2peak07228	249	257	-	11.0533	6.41e-06	0.107	ATGACGTCA
M0346_1.02	zip-3	ELT2peak00812	257	265	-	11.0533	6.41e-06	0.107	ATGACGTCA
M0346_1.02	zip-3	ELT2peak08143	277	285	+	11.0533	6.41e-06	0.107	ATGACGTCA
M0346_1.02	zip-3	ELT2peak07605	278	286	+	11.0533	6.41e-06	0.107	ATGACGTCA
M0346_1.02	zip-3	ELT2peak08143	278	286	-	11.0533	6.41e-06	0.107	ATGACGTCA
M0346_1.02	zip-3	ELT2peak08756	287	295	+	11.0533	6.41e-06	0.107	ATGACGTCA
M0346_1.02	zip-3	ELT2peak04784	289	297	+	11.0533	6.41e-06	0.107	ATGACGTCA
M0346_1.02	zip-3	ELT2peak08419	296	304	+	11.0533	6.41e-06	0.107	ATGACGTCA
M0346_1.02	zip-3	ELT2peak02074	290	298	-	11.0533	6.41e-06	0.107	ATGACGTCA
M0346_1.02	zip-3	ELT2peak05654	300	308	+	11.0533	6.41e-06	0.107	ATGACGTCA
M0346_1.02	zip-3	ELT2peak06433	316	324	+	11.0533	6.41e-06	0.107	ATGACGTCA
M0346_1.02	zip-3	ELT2peak01086	308	316	-	11.0533	6.41e-06	0.107	ATGACGTCA
M0346_1.02	zip-3	ELT2peak00003	317	325	+	11.0533	6.41e-06	0.107	ATGACGTCA
M0346_1.02	zip-3	ELT2peak00003	318	326	-	11.0533	6.41e-06	0.107	ATGACGTCA
M0346_1.02	zip-3	ELT2peak10496	327	335	+	11.0533	6.41e-06	0.107	ATGACGTCA
M0346_1.02	zip-3	ELT2peak08756	320	328	-	11.0533	6.41e-06	0.107	ATGACGTCA
M0346_1.02	zip-3	ELT2peak01993	331	339	+	11.0533	6.41e-06	0.107	ATGACGTCA
M0346_1.02	zip-3	ELT2peak01784	343	351	-	11.0533	6.41e-06	0.107	ATGACGTCA
M0346_1.02	zip-3	ELT2peak10174	346	354	-	11.0533	6.41e-06	0.107	ATGACGTCA
M0346_1.02	zip-3	ELT2peak04784	365	373	-	11.0533	6.41e-06	0.107	ATGACGTCA
M0346_1.02	zip-3	ELT2peak07341	383	391	-	11.0533	6.41e-06	0.107	ATGACGTCA
M0346_1.02	zip-3	ELT2peak08142	403	411	+	11.0533	6.41e-06	0.107	ATGACGTCA
M0346_1.02	zip-3	ELT2peak05086	453	461	+	11.0533	6.41e-06	0.107	ATGACGTCA
M0346_1.02	zip-3	ELT2peak00113	461	469	+	11.0533	6.41e-06	0.107	ATGACGTCA
M0346_1.02	zip-3	ELT2peak00113	462	470	-	11.0533	6.41e-06	0.107	ATGACGTCA
M0346_1.02	zip-3	ELT2peak08687	479	487	+	11.0533	6.41e-06	0.107	ATGACGTCA
M0346_1.02	zip-3	ELT2peak05049	487	495	+	11.0533	6.41e-06	0.107	ATGACGTCA
M0346_1.02	zip-3	ELT2peak08687	480	488	-	11.0533	6.41e-06	0.107	ATGACGTCA
M0346_1.02	zip-3	ELT2peak09457	98	106	-	10.8994	8.31e-06	0.135	ATGACGCCA
M0346_1.02	zip-3	ELT2peak09610	284	292	+	10.8994	8.31e-06	0.135	ATGACGCCA
M0346_1.02	zip-3	ELT2peak06456	351	359	-	10.8994	8.31e-06	0.135	ATGACGCCA
M0346_1.02	zip-3	ELT2peak08427	465	473	-	10.8994	8.31e-06	0.135	ATGACGCCA
M0346_1.02	zip-3	ELT2peak01681	45	53	+	10.7337	9.93e-06	0.157	GTGACGCCG
M0346_1.02	zip-3	ELT2peak10705	261	269	+	10.7337	9.93e-06	0.157	GTGACGCCG
M0346_1.02	zip-3	ELT2peak02072	367	375	-	10.7337	9.93e-06	0.157	GTGACGCCG
M0346_1.02	zip-3	ELT2peak06497	386	394	-	10.7337	9.93e-06	0.157	GTGACGCCG
M0346_1.02	zip-3	ELT2peak06749	222	230	-	10.5799	1.18e-05	0.181	ATGACGTCG
M0346_1.02	zip-3	ELT2peak06316	421	429	+	10.5799	1.18e-05	0.181	ATGACGTCG
M0346_1.02	zip-3	ELT2peak03333	446	454	-	10.5799	1.18e-05	0.181	ATGACGTCG
M0346_1.02	zip-3	ELT2peak04358	454	462	-	10.5799	1.18e-05	0.181	ATGACGTCG
M0346_1.02	zip-3	ELT2peak08446	491	499	-	10.5799	1.18e-05	0.181	ATGACGTCG
M0346_1.02	zip-3	ELT2peak00328	50	58	+	10.568	1.37e-05	0.198	GTGACGTGA
M0346_1.02	zip-3	ELT2peak09642	116	124	-	10.568	1.37e-05	0.198	GTGACGTGA
M0346_1.02	zip-3	ELT2peak02398	128	136	-	10.568	1.37e-05	0.198	GTGACGTGA
M0346_1.02	zip-3	ELT2peak05499	141	149	+	10.568	1.37e-05	0.198	GTGACGTGA
M0346_1.02	zip-3	ELT2peak08278	193	201	+	10.568	1.37e-05	0.198	GTGACGTGA
M0346_1.02	zip-3	ELT2peak02469	236	244	-	10.568	1.37e-05	0.198	GTGACGTGA
M0346_1.02	zip-3	ELT2peak08830	262	270	-	10.568	1.37e-05	0.198	GTGACGTGA
M0346_1.02	zip-3	ELT2peak02621	341	349	-	10.568	1.37e-05	0.198	GTGACGTGA
M0346_1.02	zip-3	ELT2peak04979	405	413	-	10.568	1.37e-05	0.198	GTGACGTGA
M0346_1.02	zip-3	ELT2peak07325	434	442	+	10.568	1.37e-05	0.198	GTGACGTGA
M0346_1.02	zip-3	ELT2peak00772	116	124	+	10.426	1.48e-05	0.209	ATGACGCCG
M0346_1.02	zip-3	ELT2peak04852	261	269	+	10.426	1.48e-05	0.209	ATGACGCCG
M0346_1.02	zip-3	ELT2peak05383	392	400	+	10.426	1.48e-05	0.209	ATGACGCCG
M0346_1.02	zip-3	ELT2peak09617	15	23	-	10.4142	1.58e-05	0.22	GTGACGCGA
M0346_1.02	zip-3	ELT2peak04999	202	210	+	10.4142	1.58e-05	0.22	GTGACGCGA
M0346_1.02	zip-3	ELT2peak04865	275	283	-	10.4142	1.58e-05	0.22	GTGACGCGA
M0346_1.02	zip-3	ELT2peak03486	80	88	-	10.284	1.69e-05	0.231	GTGACGTCC
M0346_1.02	zip-3	ELT2peak01400	140	148	+	10.284	1.69e-05	0.231	GTGACGTCC
M0346_1.02	zip-3	ELT2peak03740	321	329	-	10.284	1.69e-05	0.231	GTGACGTCC
M0346_1.02	zip-3	ELT2peak05820	119	127	-	10.2722	1.79e-05	0.241	GTGACGGCA
M0346_1.02	zip-3	ELT2peak10034	190	198	+	10.2722	1.79e-05	0.241	GTGACGGCA
M0346_1.02	zip-3	ELT2peak05780	216	224	-	10.2722	1.79e-05	0.241	GTGACGGCA
M0346_1.02	zip-3	ELT2peak02251	138	146	+	10.2604	2.14e-05	0.267	ATGACGTGA
M0346_1.02	zip-3	ELT2peak05645	236	244	+	10.2604	2.14e-05	0.267	ATGACGTGA
M0346_1.02	zip-3	ELT2peak08252	238	246	+	10.2604	2.14e-05	0.267	ATGACGTGA
M0346_1.02	zip-3	ELT2peak08143	248	256	-	10.2604	2.14e-05	0.267	ATGACGTGA
M0346_1.02	zip-3	ELT2peak05289	269	277	-	10.2604	2.14e-05	0.267	ATGACGTGA
M0346_1.02	zip-3	ELT2peak05082	283	291	+	10.2604	2.14e-05	0.267	ATGACGTGA
M0346_1.02	zip-3	ELT2peak06857	308	316	+	10.2604	2.14e-05	0.267	ATGACGTGA
M0346_1.02	zip-3	ELT2peak03007	312	320	+	10.2604	2.14e-05	0.267	ATGACGTGA
M0346_1.02	zip-3	ELT2peak08544	313	321	+	10.2604	2.14e-05	0.267	ATGACGTGA
M0346_1.02	zip-3	ELT2peak04815	317	325	-	10.2604	2.14e-05	0.267	ATGACGTGA
M0346_1.02	zip-3	ELT2peak08076	329	337	-	10.2604	2.14e-05	0.267	ATGACGTGA
M0346_1.02	zip-3	ELT2peak00775	343	351	-	10.2604	2.14e-05	0.267	ATGACGTGA
M0346_1.02	zip-3	ELT2peak03891	404	412	-	10.2604	2.14e-05	0.267	ATGACGTGA
M0346_1.02	zip-3	ELT2peak08564	466	474	-	10.2604	2.14e-05	0.267	ATGACGTGA
M0346_1.02	zip-3	ELT2peak01741	35	43	+	10.1834	2.33e-05	0.276	GTGACGTCT
M0346_1.02	zip-3	ELT2peak02488	113	121	-	10.1834	2.33e-05	0.276	GTGACGTCT
M0346_1.02	zip-3	ELT2peak08530	278	286	-	10.1834	2.33e-05	0.276	GTGACGTCT
M0346_1.02	zip-3	ELT2peak06730	308	316	+	10.1834	2.33e-05	0.276	GTGACGTCT
M0346_1.02	zip-3	ELT2peak04646	300	308	-	10.1834	2.33e-05	0.276	GTGACGTCT
M0346_1.02	zip-3	ELT2peak07455	327	335	+	10.1834	2.33e-05	0.276	GTGACGTCT
M0346_1.02	zip-3	ELT2peak05920	353	361	-	10.1834	2.33e-05	0.276	GTGACGTCT
M0346_1.02	zip-3	ELT2peak06437	398	406	-	10.1834	2.33e-05	0.276	GTGACGTCT
M0346_1.02	zip-3	ELT2peak07551	454	462	-	10.1834	2.33e-05	0.276	GTGACGTCT
M0346_1.02	zip-3	ELT2peak07378	487	495	+	10.1834	2.33e-05	0.276	GTGACGTCT
M0346_1.02	zip-3	ELT2peak00757	450	458	+	10.1302	2.39e-05	0.281	GTGACGCCC
M0346_1.02	zip-3	ELT2peak00568	194	202	-	10.1065	2.58e-05	0.296	ATGACGCGA
M0346_1.02	zip-3	ELT2peak04480	321	329	-	10.1065	2.58e-05	0.296	ATGACGCGA
M0346_1.02	zip-3	ELT2peak02697	332	340	+	10.1065	2.58e-05	0.296	ATGACGCGA
M0346_1.02	zip-3	ELT2peak02072	130	138	-	10.0947	2.68e-05	0.296	GTGACGTGG
M0346_1.02	zip-3	ELT2peak07484	219	227	-	10.0947	2.68e-05	0.296	GTGACGTGG
M0346_1.02	zip-3	ELT2peak01897	250	258	-	10.0947	2.68e-05	0.296	GTGACGTGG
M0346_1.02	zip-3	ELT2peak08723	281	289	+	10.0947	2.68e-05	0.296	GTGACGTGG
M0346_1.02	zip-3	ELT2peak05899	281	289	-	10.0947	2.68e-05	0.296	GTGACGTGG
M0346_1.02	zip-3	ELT2peak08795	323	331	+	10.0947	2.68e-05	0.296	GTGACGTGG
M0346_1.02	zip-3	ELT2peak00153	359	367	+	10.0947	2.68e-05	0.296	GTGACGTGG
M0346_1.02	zip-3	ELT2peak03032	353	361	-	10.0947	2.68e-05	0.296	GTGACGTGG
M0346_1.02	zip-3	ELT2peak01535	440	448	-	10.0947	2.68e-05	0.296	GTGACGTGG
M0346_1.02	zip-3	ELT2peak06654	482	490	+	10.0947	2.68e-05	0.296	GTGACGTGG
M0346_1.02	zip-3	ELT2peak05344	485	493	+	10.0947	2.68e-05	0.296	GTGACGTGG
M0346_1.02	zip-3	ELT2peak10736	102	110	+	10.0296	2.79e-05	0.305	GTGACGCCT
M0346_1.02	zip-3	ELT2peak06369	294	302	-	10.0296	2.79e-05	0.305	GTGACGCCT
M0346_1.02	zip-3	ELT2peak09009	149	157	-	10.0059	2.98e-05	0.311	GTGACGACA
M0346_1.02	zip-3	ELT2peak07799	191	199	+	10.0059	2.98e-05	0.311	GTGACGACA
M0346_1.02	zip-3	ELT2peak11013	193	201	+	10.0059	2.98e-05	0.311	GTGACGACA
M0346_1.02	zip-3	ELT2peak08925	199	207	-	10.0059	2.98e-05	0.311	GTGACGACA
M0346_1.02	zip-3	ELT2peak01768	243	251	+	10.0059	2.98e-05	0.311	GTGACGACA
M0346_1.02	zip-3	ELT2peak02253	272	280	-	10.0059	2.98e-05	0.311	GTGACGACA
M0346_1.02	zip-3	ELT2peak06450	317	325	+	10.0059	2.98e-05	0.311	GTGACGACA
M0346_1.02	zip-3	ELT2peak02212	366	374	+	10.0059	2.98e-05	0.311	GTGACGACA
M0346_1.02	zip-3	ELT2peak02896	417	425	+	10.0059	2.98e-05	0.311	GTGACGACA
M0346_1.02	zip-3	ELT2peak10958	420	428	+	10.0059	2.98e-05	0.311	GTGACGACA
M0346_1.02	zip-3	ELT2peak06130	115	123	-	9.97633	3.17e-05	0.327	ATGACGTCC
M0346_1.02	zip-3	ELT2peak02401	249	257	-	9.97633	3.17e-05	0.327	ATGACGTCC
M0346_1.02	zip-3	ELT2peak07278	265	273	+	9.97633	3.17e-05	0.327	ATGACGTCC
M0346_1.02	zip-3	ELT2peak10794	46	54	+	9.9645	3.36e-05	0.341	ATGACGGCA
M0346_1.02	zip-3	ELT2peak08389	274	282	+	9.9645	3.36e-05	0.341	ATGACGGCA
M0346_1.02	zip-3	ELT2peak01634	298	306	-	9.9645	3.36e-05	0.341	ATGACGGCA
M0346_1.02	zip-3	ELT2peak08019	483	491	-	9.9645	3.36e-05	0.341	ATGACGGCA
M0346_1.02	zip-3	ELT2peak00003	486	494	-	9.94083	3.41e-05	0.345	GTGACGCGG
M0346_1.02	zip-3	ELT2peak04219	130	138	-	9.87574	3.76e-05	0.366	ATGACGTCT
M0346_1.02	zip-3	ELT2peak10319	180	188	-	9.87574	3.76e-05	0.366	ATGACGTCT
M0346_1.02	zip-3	ELT2peak06427	235	243	+	9.87574	3.76e-05	0.366	ATGACGTCT
M0346_1.02	zip-3	ELT2peak10368	231	239	-	9.87574	3.76e-05	0.366	ATGACGTCT
M0346_1.02	zip-3	ELT2peak06439	275	283	-	9.87574	3.76e-05	0.366	ATGACGTCT
M0346_1.02	zip-3	ELT2peak07380	315	323	-	9.87574	3.76e-05	0.366	ATGACGTCT
M0346_1.02	zip-3	ELT2peak09809	346	354	+	9.87574	3.76e-05	0.366	ATGACGTCT
M0346_1.02	zip-3	ELT2peak01990	426	434	-	9.87574	3.76e-05	0.366	ATGACGTCT
M0346_1.02	zip-3	ELT2peak09181	461	469	-	9.87574	3.76e-05	0.366	ATGACGTCT
M0346_1.02	zip-3	ELT2peak08248	336	344	+	9.82249	3.87e-05	0.368	ATGACGCCC
M0346_1.02	zip-3	ELT2peak09009	387	395	+	9.82249	3.87e-05	0.368	ATGACGCCC
M0346_1.02	zip-3	ELT2peak07772	441	449	-	9.82249	3.87e-05	0.368	ATGACGCCC
M0346_1.02	zip-3	ELT2peak01535	38	46	-	9.78698	4.11e-05	0.368	ATGACGTGG
M0346_1.02	zip-3	ELT2peak09360	63	71	+	9.78698	4.11e-05	0.368	ATGACGTGG
M0346_1.02	zip-3	ELT2peak03430	117	125	-	9.78698	4.11e-05	0.368	ATGACGTGG
M0346_1.02	zip-3	ELT2peak08142	132	140	-	9.78698	4.11e-05	0.368	ATGACGTGG
M0346_1.02	zip-3	ELT2peak09395	172	180	-	9.78698	4.11e-05	0.368	ATGACGTGG
M0346_1.02	zip-3	ELT2peak07193	175	183	-	9.78698	4.11e-05	0.368	ATGACGTGG
M0346_1.02	zip-3	ELT2peak00119	187	195	+	9.78698	4.11e-05	0.368	ATGACGTGG
M0346_1.02	zip-3	ELT2peak03023	202	210	-	9.78698	4.11e-05	0.368	ATGACGTGG
M0346_1.02	zip-3	ELT2peak07724	243	251	+	9.78698	4.11e-05	0.368	ATGACGTGG
M0346_1.02	zip-3	ELT2peak05729	237	245	-	9.78698	4.11e-05	0.368	ATGACGTGG
M0346_1.02	zip-3	ELT2peak07252	246	254	-	9.78698	4.11e-05	0.368	ATGACGTGG
M0346_1.02	zip-3	ELT2peak10085	249	257	-	9.78698	4.11e-05	0.368	ATGACGTGG
M0346_1.02	zip-3	ELT2peak02192	372	380	-	9.78698	4.11e-05	0.368	ATGACGTGG
M0346_1.02	zip-3	ELT2peak10011	381	389	+	9.78698	4.11e-05	0.368	ATGACGTGG
M0346_1.02	zip-3	ELT2peak05666	420	428	+	9.78698	4.11e-05	0.368	ATGACGTGG
M0346_1.02	zip-3	ELT2peak00437	413	421	-	9.78698	4.11e-05	0.368	ATGACGTGG
M0346_1.02	zip-3	ELT2peak05708	425	433	-	9.78698	4.11e-05	0.368	ATGACGTGG
M0346_1.02	zip-3	ELT2peak05344	451	459	+	9.78698	4.11e-05	0.368	ATGACGTGG
M0346_1.02	zip-3	ELT2peak05320	489	497	+	9.78698	4.11e-05	0.368	ATGACGTGG
M0346_1.02	zip-3	ELT2peak10857	64	72	-	9.72189	4.3e-05	0.375	ATGACGCCT
M0346_1.02	zip-3	ELT2peak05995	69	77	-	9.72189	4.3e-05	0.375	ATGACGCCT
M0346_1.02	zip-3	ELT2peak08508	149	157	+	9.72189	4.3e-05	0.375	ATGACGCCT
M0346_1.02	zip-3	ELT2peak05496	248	256	-	9.72189	4.3e-05	0.375	ATGACGCCT
M0346_1.02	zip-3	ELT2peak02121	275	283	-	9.72189	4.3e-05	0.375	ATGACGCCT
M0346_1.02	zip-3	ELT2peak09306	419	427	-	9.72189	4.3e-05	0.375	ATGACGCCT
M0346_1.02	zip-3	ELT2peak05308	454	462	-	9.72189	4.3e-05	0.375	ATGACGCCT
M0346_1.02	zip-3	ELT2peak04506	242	250	+	9.69822	4.65e-05	0.397	ATGACGACA
M0346_1.02	zip-3	ELT2peak08793	279	287	+	9.69822	4.65e-05	0.397	ATGACGACA
M0346_1.02	zip-3	ELT2peak09855	279	287	-	9.69822	4.65e-05	0.397	ATGACGACA
M0346_1.02	zip-3	ELT2peak05842	294	302	+	9.69822	4.65e-05	0.397	ATGACGACA
M0346_1.02	zip-3	ELT2peak00788	364	372	+	9.69822	4.65e-05	0.397	ATGACGACA
M0346_1.02	zip-3	ELT2peak02228	477	485	+	9.69822	4.65e-05	0.397	ATGACGACA
M0346_1.02	zip-3	ELT2peak06342	51	59	+	9.64497	5e-05	0.402	GTGATGTCA
M0346_1.02	zip-3	ELT2peak04425	79	87	+	9.64497	5e-05	0.402	GTGATGTCA
M0346_1.02	zip-3	ELT2peak07483	102	110	-	9.64497	5e-05	0.402	GTGATGTCA
M0346_1.02	zip-3	ELT2peak00041	103	111	-	9.64497	5e-05	0.402	GTGATGTCA
M0346_1.02	zip-3	ELT2peak03484	147	155	+	9.64497	5e-05	0.402	GTGATGTCA
M0346_1.02	zip-3	ELT2peak10513	153	161	+	9.64497	5e-05	0.402	GTGATGTCA
M0346_1.02	zip-3	ELT2peak04780	195	203	+	9.64497	5e-05	0.402	GTGATGTCA
M0346_1.02	zip-3	ELT2peak09779	194	202	-	9.64497	5e-05	0.402	GTGATGTCA
M0346_1.02	zip-3	ELT2peak06430	253	261	-	9.64497	5e-05	0.402	GTGATGTCA
M0346_1.02	zip-3	ELT2peak05654	311	319	+	9.64497	5e-05	0.402	GTGATGTCA
M0346_1.02	zip-3	ELT2peak04606	351	359	-	9.64497	5e-05	0.402	GTGATGTCA
M0346_1.02	zip-3	ELT2peak02073	358	366	-	9.64497	5e-05	0.402	GTGATGTCA
M0346_1.02	zip-3	ELT2peak06915	417	425	-	9.64497	5e-05	0.402	GTGATGTCA
M0346_1.02	zip-3	ELT2peak09329	425	433	+	9.64497	5e-05	0.402	GTGATGTCA
M0346_1.02	zip-3	ELT2peak10049	450	458	-	9.64497	5e-05	0.402	GTGATGTCA
M0346_1.02	zip-3	ELT2peak07277	466	474	+	9.64497	5e-05	0.402	GTGATGTCA
M0346_1.02	zip-3	ELT2peak06930	484	492	-	9.64497	5e-05	0.402	GTGATGTCA
M0346_1.02	zip-3	ELT2peak02853	1	9	+	9.63314	5.1e-05	0.405	ATGACGCGG
M0346_1.02	zip-3	ELT2peak05744	60	68	+	9.63314	5.1e-05	0.405	ATGACGCGG
M0346_1.02	zip-3	ELT2peak04295	288	296	+	9.63314	5.1e-05	0.405	ATGACGCGG
M0346_1.02	zip-3	ELT2peak09992	340	348	-	9.63314	5.1e-05	0.405	ATGACGCGG
M0346_1.02	zip-3	ELT2peak09957	192	200	+	9.56213	5.45e-05	0.421	GTGACGTAA
M0346_1.02	zip-3	ELT2peak00650	205	213	+	9.56213	5.45e-05	0.421	GTGACGTAA
M0346_1.02	zip-3	ELT2peak06247	309	317	+	9.56213	5.45e-05	0.421	GTGACGTAA
M0346_1.02	zip-3	ELT2peak06872	359	367	-	9.56213	5.45e-05	0.421	GTGACGTAA
M0346_1.02	zip-3	ELT2peak06436	435	443	+	9.56213	5.45e-05	0.421	GTGACGTAA
M0346_1.02	zip-3	ELT2peak09208	451	459	-	9.56213	5.45e-05	0.421	GTGACGTAA
M0346_1.02	zip-3	ELT2peak10701	464	472	-	9.56213	5.45e-05	0.421	GTGACGTAA
M0346_1.02	zip-3	ELT2peak07337	102	110	+	9.53254	5.55e-05	0.421	GTGACGACG
M0346_1.02	zip-3	ELT2peak01755	258	266	-	9.53254	5.55e-05	0.421	GTGACGACG
M0346_1.02	zip-3	ELT2peak09421	303	311	+	9.53254	5.55e-05	0.421	GTGACGACG
M0346_1.02	zip-3	ELT2peak09676	366	374	+	9.53254	5.55e-05	0.421	GTGACGACG
M0346_1.02	zip-3	ELT2peak04360	377	385	-	9.53254	5.55e-05	0.421	GTGACGACG
M0346_1.02	zip-3	ELT2peak07825	429	437	-	9.53254	5.55e-05	0.421	GTGACGACG
M0346_1.02	zip-3	ELT2peak03329	482	490	-	9.53254	5.55e-05	0.421	GTGACGACG
M0346_1.02	zip-3	ELT2peak09380	25	33	-	9.49112	5.95e-05	0.435	GTGATGCCA
M0346_1.02	zip-3	ELT2peak05957	93	101	-	9.49112	5.95e-05	0.435	ATGACGGCG
M0346_1.02	zip-3	ELT2peak04313	143	151	+	9.49112	5.95e-05	0.435	ATGACGGCG
M0346_1.02	zip-3	ELT2peak07039	186	194	-	9.49112	5.95e-05	0.435	GTGATGCCA
M0346_1.02	zip-3	ELT2peak04887	235	243	+	9.49112	5.95e-05	0.435	ATGACGGCG
M0346_1.02	zip-3	ELT2peak04556	280	288	-	9.49112	5.95e-05	0.435	GTGATGCCA
M0346_1.02	zip-3	ELT2peak06135	299	307	+	9.49112	5.95e-05	0.435	GTGACGTGC
M0346_1.02	zip-3	ELT2peak06206	328	336	-	9.49112	5.95e-05	0.435	GTGACGTGC
M0346_1.02	zip-3	ELT2peak03544	370	378	-	9.49112	5.95e-05	0.435	ATGACGGCG
M0346_1.02	zip-3	ELT2peak00311	392	400	+	9.49112	5.95e-05	0.435	GTGATGCCA
M0346_1.02	zip-3	ELT2peak00539	401	409	+	9.49112	5.95e-05	0.435	GTGATGCCA
M0346_1.02	zip-3	ELT2peak03312	489	497	+	9.49112	5.95e-05	0.435	GTGATGCCA
M0346_1.02	zip-3	ELT2peak01841	129	137	+	9.47929	6.06e-05	0.435	GTGACGGGA
M0346_1.02	zip-3	ELT2peak06636	276	284	+	9.47929	6.06e-05	0.435	GTGACGGGA
M0346_1.02	zip-3	ELT2peak01680	301	309	-	9.47929	6.06e-05	0.435	GTGACGGGA
M0346_1.02	zip-3	ELT2peak03033	317	325	-	9.47929	6.06e-05	0.435	GTGACGGGA
M0346_1.02	zip-3	ELT2peak05087	354	362	+	9.47929	6.06e-05	0.435	GTGACGGGA
M0346_1.02	zip-3	ELT2peak06392	471	479	+	9.47929	6.06e-05	0.435	GTGACGGGA
M0346_1.02	zip-3	ELT2peak09273	21	29	+	9.40828	6.25e-05	0.439	GTGACGCAA
M0346_1.02	zip-3	ELT2peak05915	17	25	-	9.40828	6.25e-05	0.439	GTGACGCAA
M0346_1.02	zip-3	ELT2peak00659	97	105	-	9.40828	6.25e-05	0.439	GTGACGCAA
M0346_1.02	zip-3	ELT2peak09181	136	144	-	9.40828	6.25e-05	0.439	GTGACGCAA
M0346_1.02	zip-3	ELT2peak00845	158	166	-	9.40828	6.25e-05	0.439	GTGACGCAA
M0346_1.02	zip-3	ELT2peak02163	194	202	-	9.40828	6.25e-05	0.439	GTGACGCAA
M0346_1.02	zip-3	ELT2peak00081	308	316	-	9.40828	6.25e-05	0.439	GTGACGCAA
M0346_1.02	zip-3	ELT2peak08093	35	43	+	9.39053	6.78e-05	0.441	GTGACGTTA
M0346_1.02	zip-3	ELT2peak10199	37	45	-	9.39053	6.78e-05	0.441	GTGACGTGT
M0346_1.02	zip-3	ELT2peak06243	72	80	-	9.39053	6.78e-05	0.441	GTGACGTTA
M0346_1.02	zip-3	ELT2peak10628	89	97	+	9.39053	6.78e-05	0.441	GTGACGTGT
M0346_1.02	zip-3	ELT2peak09868	139	147	-	9.39053	6.78e-05	0.441	GTGACGTGT
M0346_1.02	zip-3	ELT2peak08117	192	200	+	9.39053	6.78e-05	0.441	GTGACGTTA
M0346_1.02	zip-3	ELT2peak02078	217	225	-	9.39053	6.78e-05	0.441	GTGACGTGT
M0346_1.02	zip-3	ELT2peak06789	279	287	-	9.39053	6.78e-05	0.441	GTGACGTTA
M0346_1.02	zip-3	ELT2peak07719	299	307	+	9.39053	6.78e-05	0.441	GTGACGTGT
M0346_1.02	zip-3	ELT2peak09259	315	323	+	9.39053	6.78e-05	0.441	GTGACGTTA
M0346_1.02	zip-3	ELT2peak02565	317	325	-	9.39053	6.78e-05	0.441	GTGACGTTA
M0346_1.02	zip-3	ELT2peak01709	365	373	+	9.39053	6.78e-05	0.441	GTGACGTGT
M0346_1.02	zip-3	ELT2peak00175	371	379	-	9.39053	6.78e-05	0.441	GTGACGTTA
M0346_1.02	zip-3	ELT2peak08766	384	392	+	9.39053	6.78e-05	0.441	GTGACGTGT
M0346_1.02	zip-3	ELT2peak07748	390	398	-	9.39053	6.78e-05	0.441	GTGACGTGT
M0346_1.02	zip-3	ELT2peak06464	438	446	-	9.39053	6.78e-05	0.441	GTGACGTTA
M0346_1.02	zip-3	ELT2peak10527	481	489	+	9.39053	6.78e-05	0.441	GTGACGTGT
M0346_1.02	zip-3	ELT2peak06316	20	28	+	9.35503	6.97e-05	0.441	CTGACGTCA
M0346_1.02	zip-3	ELT2peak05413	55	63	-	9.35503	6.97e-05	0.441	CTGACGTCA
M0346_1.02	zip-3	ELT2peak00178	138	146	+	9.35503	6.97e-05	0.441	CTGACGTCA
M0346_1.02	zip-3	ELT2peak09306	151	159	+	9.35503	6.97e-05	0.441	CTGACGTCA
M0346_1.02	zip-3	ELT2peak06313	189	197	-	9.35503	6.97e-05	0.441	CTGACGTCA
M0346_1.02	zip-3	ELT2peak06244	205	213	-	9.35503	6.97e-05	0.441	CTGACGTCA
M0346_1.02	zip-3	ELT2peak00041	211	219	-	9.35503	6.97e-05	0.441	CTGACGTCA
M0346_1.02	zip-3	ELT2peak09064	227	235	+	9.35503	6.97e-05	0.441	CTGACGTCA
M0346_1.02	zip-3	ELT2peak06430	240	248	+	9.35503	6.97e-05	0.441	CTGACGTCA
M0346_1.02	zip-3	ELT2peak07605	279	287	-	9.35503	6.97e-05	0.441	CTGACGTCA
M0346_1.02	zip-3	ELT2peak02983	292	300	+	9.35503	6.97e-05	0.441	CTGACGTCA
M0346_1.02	zip-3	ELT2peak02983	293	301	-	9.35503	6.97e-05	0.441	CTGACGTCA
M0346_1.02	zip-3	ELT2peak08419	297	305	-	9.35503	6.97e-05	0.441	CTGACGTCA
M0346_1.02	zip-3	ELT2peak05654	301	309	-	9.35503	6.97e-05	0.441	CTGACGTCA
M0346_1.02	zip-3	ELT2peak06433	317	325	-	9.35503	6.97e-05	0.441	CTGACGTCA
M0346_1.02	zip-3	ELT2peak04870	333	341	-	9.35503	6.97e-05	0.441	CTGACGTCA
M0346_1.02	zip-3	ELT2peak04784	364	372	+	9.35503	6.97e-05	0.441	CTGACGTCA
M0346_1.02	zip-3	ELT2peak05138	373	381	+	9.35503	6.97e-05	0.441	CTGACGTCA
M0346_1.02	zip-3	ELT2peak04632	365	373	-	9.35503	6.97e-05	0.441	CTGACGTCA
M0346_1.02	zip-3	ELT2peak07038	422	430	-	9.35503	6.97e-05	0.441	CTGACGTCA
M0346_1.02	zip-3	ELT2peak03155	486	494	+	9.35503	6.97e-05	0.441	CTGACGTCA
M0346_1.02	zip-3	ELT2peak03419	28	36	-	9.33728	7.66e-05	0.446	ATGATGTCA
M0346_1.02	zip-3	ELT2peak04637	36	44	+	9.33728	7.66e-05	0.446	ATGATGTCA
M0346_1.02	zip-3	ELT2peak06243	51	59	-	9.33728	7.66e-05	0.446	ATGATGTCA
M0346_1.02	zip-3	ELT2peak10122	83	91	-	9.33728	7.66e-05	0.446	ATGATGTCA
M0346_1.02	zip-3	ELT2peak02931	98	106	+	9.33728	7.66e-05	0.446	ATGATGTCA
M0346_1.02	zip-3	ELT2peak06454	154	162	-	9.33728	7.66e-05	0.446	ATGATGTCA
M0346_1.02	zip-3	ELT2peak09459	222	230	+	9.33728	7.66e-05	0.446	ATGATGTCA
M0346_1.02	zip-3	ELT2peak09070	220	228	-	9.33728	7.66e-05	0.446	ATGATGTCA
M0346_1.02	zip-3	ELT2peak06635	221	229	-	9.33728	7.66e-05	0.446	ATGATGTCA
M0346_1.02	zip-3	ELT2peak06801	244	252	+	9.33728	7.66e-05	0.446	ATGATGTCA
M0346_1.02	zip-3	ELT2peak06273	255	263	+	9.33728	7.66e-05	0.446	GTGACGCGC
M0346_1.02	zip-3	ELT2peak05379	257	265	+	9.33728	7.66e-05	0.446	ATGATGTCA
M0346_1.02	zip-3	ELT2peak03085	258	266	+	9.33728	7.66e-05	0.446	ATGATGTCA
M0346_1.02	zip-3	ELT2peak07921	259	267	-	9.33728	7.66e-05	0.446	GTGACGCGC
M0346_1.02	zip-3	ELT2peak08535	274	282	+	9.33728	7.66e-05	0.446	ATGATGTCA
M0346_1.02	zip-3	ELT2peak06459	268	276	-	9.33728	7.66e-05	0.446	ATGATGTCA
M0346_1.02	zip-3	ELT2peak02929	287	295	-	9.33728	7.66e-05	0.446	ATGATGTCA
M0346_1.02	zip-3	ELT2peak00783	312	320	+	9.33728	7.66e-05	0.446	ATGATGTCA
M0346_1.02	zip-3	ELT2peak07404	313	321	-	9.33728	7.66e-05	0.446	ATGATGTCA
M0346_1.02	zip-3	ELT2peak07764	315	323	-	9.33728	7.66e-05	0.446	ATGATGTCA
M0346_1.02	zip-3	ELT2peak08251	327	335	-	9.33728	7.66e-05	0.446	ATGATGTCA
M0346_1.02	zip-3	ELT2peak07125	348	356	+	9.33728	7.66e-05	0.446	ATGATGTCA
M0346_1.02	zip-3	ELT2peak06446	362	370	+	9.33728	7.66e-05	0.446	ATGATGTCA
M0346_1.02	zip-3	ELT2peak09632	360	368	-	9.33728	7.66e-05	0.446	ATGATGTCA
M0346_1.02	zip-3	ELT2peak09272	377	385	-	9.33728	7.66e-05	0.446	ATGATGTCA
M0346_1.02	zip-3	ELT2peak08578	407	415	-	9.33728	7.66e-05	0.446	ATGATGTCA
M0346_1.02	zip-3	ELT2peak05883	421	429	-	9.33728	7.66e-05	0.446	ATGATGTCA
M0346_1.02	zip-3	ELT2peak08425	434	442	+	9.33728	7.66e-05	0.446	ATGATGTCA
M0346_1.02	zip-3	ELT2peak09835	437	445	-	9.33728	7.66e-05	0.446	ATGATGTCA
M0346_1.02	zip-3	ELT2peak07125	450	458	+	9.33728	7.66e-05	0.446	ATGATGTCA
M0346_1.02	zip-3	ELT2peak06342	448	456	-	9.33728	7.66e-05	0.446	ATGATGTCA
M0346_1.02	zip-3	ELT2peak07153	453	461	-	9.33728	7.66e-05	0.446	ATGATGTCA
M0346_1.02	zip-3	ELT2peak08707	469	477	-	9.33728	7.66e-05	0.446	ATGATGTCA
M0346_1.02	zip-3	ELT2peak06436	277	285	-	9.31953	7.76e-05	0.45	GTGGCGTCA
M0346_1.02	zip-3	ELT2peak06456	350	358	+	9.31953	7.76e-05	0.45	GTGGCGTCA
M0346_1.02	zip-3	ELT2peak09007	52	60	+	9.25444	8.39e-05	0.462	ATGACGTAA
M0346_1.02	zip-3	ELT2peak05988	71	79	+	9.25444	8.39e-05	0.462	ATGACGTAA
M0346_1.02	zip-3	ELT2peak01480	86	94	-	9.25444	8.39e-05	0.462	ATGACGTAA
M0346_1.02	zip-3	ELT2peak07676	157	165	+	9.25444	8.39e-05	0.462	ATGACGTAA
M0346_1.02	zip-3	ELT2peak02293	162	170	-	9.25444	8.39e-05	0.462	ATGACGTAA
M0346_1.02	zip-3	ELT2peak09593	199	207	+	9.25444	8.39e-05	0.462	ATGACGTAA
M0346_1.02	zip-3	ELT2peak02293	237	245	+	9.25444	8.39e-05	0.462	ATGACGTAA
M0346_1.02	zip-3	ELT2peak09628	267	275	-	9.25444	8.39e-05	0.462	ATGACGTAA
M0346_1.02	zip-3	ELT2peak04852	271	279	-	9.25444	8.39e-05	0.462	ATGACGTAA
M0346_1.02	zip-3	ELT2peak08715	293	301	-	9.25444	8.39e-05	0.462	ATGACGTAA
M0346_1.02	zip-3	ELT2peak08425	317	325	-	9.25444	8.39e-05	0.462	ATGACGTAA
M0346_1.02	zip-3	ELT2peak08748	330	338	+	9.25444	8.39e-05	0.462	ATGACGTAA
M0346_1.02	zip-3	ELT2peak08758	340	348	+	9.25444	8.39e-05	0.462	ATGACGTAA
M0346_1.02	zip-3	ELT2peak07993	366	374	+	9.25444	8.39e-05	0.462	ATGACGTAA
M0346_1.02	zip-3	ELT2peak03023	367	375	+	9.25444	8.39e-05	0.462	ATGACGTAA
M0346_1.02	zip-3	ELT2peak09684	370	378	+	9.25444	8.39e-05	0.462	ATGACGTAA
M0346_1.02	zip-3	ELT2peak08430	377	385	-	9.25444	8.39e-05	0.462	ATGACGTAA
M0346_1.02	zip-3	ELT2peak09856	408	416	+	9.25444	8.39e-05	0.462	ATGACGTAA
M0346_1.02	zip-3	ELT2peak07818	421	429	+	9.25444	8.39e-05	0.462	ATGACGTAA
M0346_1.02	zip-3	ELT2peak09937	436	444	-	9.25444	8.39e-05	0.462	ATGACGTAA
M0346_1.02	zip-3	ELT2peak09479	448	456	-	9.25444	8.39e-05	0.462	ATGACGTAA
M0346_1.02	zip-3	ELT2peak04291	464	472	-	9.25444	8.39e-05	0.462	ATGACGTAA
M0346_1.02	zip-3	ELT2peak07662	156	164	+	9.23669	8.69e-05	0.471	GTGACGCTA
M0346_1.02	zip-3	ELT2peak01342	191	199	+	9.23669	8.69e-05	0.471	GTGACGCGT
M0346_1.02	zip-3	ELT2peak02929	195	203	+	9.23669	8.69e-05	0.471	GTGACGCTA
M0346_1.02	zip-3	ELT2peak10726	210	218	-	9.23669	8.69e-05	0.471	GTGACGCTA
M0346_1.02	zip-3	ELT2peak09224	289	297	-	9.23669	8.69e-05	0.471	GTGACGCTA
M0346_1.02	zip-3	ELT2peak10266	323	331	+	9.23669	8.69e-05	0.471	GTGACGCGT
M0346_1.02	zip-3	ELT2peak08410	338	346	-	9.23669	8.69e-05	0.471	GTGACGCGT
M0346_1.02	zip-3	ELT2peak03808	159	167	-	9.22485	8.88e-05	0.474	ATGACGACG
M0346_1.02	zip-3	ELT2peak09609	245	253	-	9.22485	8.88e-05	0.474	ATGACGACG
M0346_1.02	zip-3	ELT2peak00904	254	262	-	9.22485	8.88e-05	0.474	ATGACGACG
M0346_1.02	zip-3	ELT2peak09876	264	272	+	9.22485	8.88e-05	0.474	ATGACGACG
M0346_1.02	zip-3	ELT2peak04208	352	360	+	9.22485	8.88e-05	0.474	ATGACGACG
M0346_1.02	zip-3	ELT2peak05645	386	394	+	9.22485	8.88e-05	0.474	ATGACGACG
M0346_1.02	zip-3	ELT2peak03546	420	428	-	9.22485	8.88e-05	0.474	ATGACGACG
M0346_1.02	zip-3	ELT2peak00148	194	202	+	9.21302	9.07e-05	0.478	GTGACGAGA
M0346_1.02	zip-3	ELT2peak00617	234	242	+	9.21302	9.07e-05	0.478	GTGACGAGA
M0346_1.02	zip-3	ELT2peak08754	314	322	-	9.21302	9.07e-05	0.478	GTGACGAGA
M0346_1.02	zip-3	ELT2peak07751	366	374	+	9.21302	9.07e-05	0.478	GTGACGAGA
M0346_1.02	zip-3	ELT2peak07387	462	470	-	9.21302	9.07e-05	0.478	GTGACGAGA
M0346_1.02	zip-3	ELT2peak04509	130	138	+	9.20118	9.17e-05	0.478	CTGACGCCA
M0346_1.02	zip-3	ELT2peak06003	181	189	+	9.20118	9.17e-05	0.478	CTGACGCCA
M0346_1.02	zip-3	ELT2peak01809	178	186	-	9.20118	9.17e-05	0.478	CTGACGCCA
M0346_1.02	zip-3	ELT2peak06436	276	284	+	9.20118	9.17e-05	0.478	CTGACGCCA
M0346_1.02	zip-3	ELT2peak02292	437	445	+	9.20118	9.17e-05	0.478	CTGACGCCA
M0346_1.02	zip-3	ELT2peak03537	463	471	-	9.20118	9.17e-05	0.478	CTGACGCCA
M0346_1.02	zip-3	ELT2peak07378	297	305	-	9.19527	9.23e-05	0.479	GTGACGGCC
M0346_1.02	zip-3	ELT2peak00003	406	414	+	9.19527	9.23e-05	0.479	GTGACGGCC
M0346_1.02	zip-3	ELT2peak06461	16	24	-	9.18343	9.77e-05	0.485	ATGACGTGC
M0346_1.02	zip-3	ELT2peak00373	33	41	+	9.18343	9.77e-05	0.485	ATGATGCCA
M0346_1.02	zip-3	ELT2peak10423	60	68	-	9.18343	9.77e-05	0.485	ATGATGCCA
M0346_1.02	zip-3	ELT2peak10193	61	69	-	9.18343	9.77e-05	0.485	ATGACGTGC
M0346_1.02	zip-3	ELT2peak05674	139	147	+	9.18343	9.77e-05	0.485	ATGATGCCA
M0346_1.02	zip-3	ELT2peak09042	187	195	-	9.18343	9.77e-05	0.485	ATGACGTGC
M0346_1.02	zip-3	ELT2peak09211	235	243	-	9.18343	9.77e-05	0.485	ATGACGTGC
M0346_1.02	zip-3	ELT2peak06837	278	286	+	9.18343	9.77e-05	0.485	ATGATGCCA
M0346_1.02	zip-3	ELT2peak10629	302	310	+	9.18343	9.77e-05	0.485	ATGATGCCA
M0346_1.02	zip-3	ELT2peak08441	304	312	-	9.18343	9.77e-05	0.485	ATGATGCCA
M0346_1.02	zip-3	ELT2peak09990	316	324	+	9.18343	9.77e-05	0.485	ATGACGTGC
M0346_1.02	zip-3	ELT2peak09778	363	371	-	9.18343	9.77e-05	0.485	ATGACGTGC
M0346_1.02	zip-3	ELT2peak07728	376	384	-	9.18343	9.77e-05	0.485	ATGATGCCA
M0346_1.02	zip-3	ELT2peak09830	406	414	-	9.18343	9.77e-05	0.485	ATGATGCCA
M0346_1.02	zip-3	ELT2peak08607	436	444	-	9.18343	9.77e-05	0.485	ATGATGCCA
M0346_1.02	zip-3	ELT2peak06649	438	446	-	9.18343	9.77e-05	0.485	ATGACGTGC
M0346_1.02	zip-3	ELT2peak08249	457	465	-	9.18343	9.77e-05	0.485	ATGATGCCA
M0346_1.02	zip-3	ELT2peak01784	473	481	-	9.18343	9.77e-05	0.485	ATGACGTGC
M0346_1.02	zip-3	ELT2peak03124	488	496	-	9.18343	9.77e-05	0.485	ATGACGTGC
M0346_1.02	zip-3	ELT2peak01940	490	498	-	9.18343	9.77e-05	0.485	ATGATGCCA

# FIMO (Find Individual Motif Occurrences): Version 5.1.1 compiled on May 28 2020 at 04:38:09
# The format of this file is described at http://localhost:8080/doc/fimo-output-format.html.
# fimo --parse-genomic-coord --verbosity 1 --oc 02_output/all_dineen_sets_peaks/fimo_out_3 --bgfile 02_output/all_dineen_sets_peaks/background --motif M0346_1.02 motif_databases/CIS-BP/Caenorhabditis_elegans.meme 02_output/all_dineen_sets_peaks/all_dineen_sets_peaks.fasta
